standard,version,document_role,unit_type,section,clause_id,page,raw_text,clean_text,modality,is_requirement_candidate,source_file
ETSI EN 303 645,V3.1.3,requirement,requirement,5.0 Reporting implementation,5.0-1,12,"A justification shall be recorded for each recommendation in the present document that is considered to
be not applicable for or not fulfilled by the consumer IoT device.",A justification shall be recorded for each recommendation in the present document that is considered to be not applicable for or not fulfilled by the consumer IoT device.,SHALL,True,data/raw/etsi/etsi_en_303645_v313.pdf
ETSI EN 303 645,V3.1.3,requirement,requirement,5.1 No universal default passwords,5.1-1,13,"Where passwords are used to authenticate users against the device or for machine-to-machine
authentication, and in any state other than the factory default, all consumer IoT device passwords shall be unique per
device or defined by the user.","Where passwords are used to authenticate users against the device or for machine-to-machine authentication, and in any state other than the factory default, all consumer IoT device passwords shall be unique per device or defined by the user.",SHALL,True,data/raw/etsi/etsi_en_303645_v313.pdf
ETSI EN 303 645,V3.1.3,requirement,requirement,5.1 No universal default passwords,5.1-2,13,"Where pre-installed unique per device passwords are used to authenticate users against the device or
for machine-to-machine authentication, these shall be generated with a mechanism that reduces the risk of automated
attacks against a class or type of consumer IoT device.","Where pre-installed unique per device passwords are used to authenticate users against the device or for machine-to-machine authentication, these shall be generated with a mechanism that reduces the risk of automated attacks against a class or type of consumer IoT device.",SHALL,True,data/raw/etsi/etsi_en_303645_v313.pdf
ETSI EN 303 645,V3.1.3,requirement,requirement,5.1 No universal default passwords,5.1-2A,14,Passwords should not be used for machine-to-machine authentication.,Passwords should not be used for machine-to-machine authentication.,SHOULD,True,data/raw/etsi/etsi_en_303645_v313.pdf
ETSI EN 303 645,V3.1.3,requirement,requirement,5.1 No universal default passwords,5.1-3,14,"Authentication mechanisms used to authenticate users against the consumer IoT device or used for
machine-to-machine authentication shall use best practice cryptography, appropriate to the properties of the technology,
operating environment, risk and usage.","Authentication mechanisms used to authenticate users against the consumer IoT device or used for machine-to-machine authentication shall use best practice cryptography, appropriate to the properties of the technology, operating environment, risk and usage.",SHALL,True,data/raw/etsi/etsi_en_303645_v313.pdf
ETSI EN 303 645,V3.1.3,requirement,requirement,5.1 No universal default passwords,5.1-4,14,"Where a user can authenticate against a consumer IoT device, the consumer IoT device shall provide to
the user or an administrator a simple mechanism to change the authentication value used.","Where a user can authenticate against a consumer IoT device, the consumer IoT device shall provide to the user or an administrator a simple mechanism to change the authentication value used.",SHALL,True,data/raw/etsi/etsi_en_303645_v313.pdf
ETSI EN 303 645,V3.1.3,requirement,requirement,5.1 No universal default passwords,5.1-5,14,"The consumer IoT device shall have a mechanism available which makes successful brute-force attacks
on authentication mechanisms via network interfaces impracticable unless the device has a resource constraint
determined by the use case that prevents the implementation.",The consumer IoT device shall have a mechanism available which makes successful brute-force attacks on authentication mechanisms via network interfaces impracticable unless the device has a resource constraint determined by the use case that prevents the implementation.,SHALL,True,data/raw/etsi/etsi_en_303645_v313.pdf
ETSI EN 303 645,V3.1.3,requirement,requirement,5.2 Implement a means to manage reports of vulnerabilities,5.2-1,15,"The manufacturer shall make a vulnerability disclosure policy publicly available. This policy shall
include, at a minimum:
• contact information for the reporting of issues; and
• timelines for initial acknowledgement of receipt of a vulnerability report; and
• timelines for when the person who reported the issue will receive status updates until the resolution of the
reported issues.","The manufacturer shall make a vulnerability disclosure policy publicly available. This policy shall include, at a minimum: • contact information for the reporting of issues; and • timelines for initial acknowledgement of receipt of a vulnerability report; and • timelines for when the person who reported the issue will receive status updates until the resolution of the reported issues.",SHALL,True,data/raw/etsi/etsi_en_303645_v313.pdf
ETSI EN 303 645,V3.1.3,requirement,requirement,5.2 Implement a means to manage reports of vulnerabilities,5.2-2,15,Disclosed vulnerabilities should be acted on in a timely manner.,Disclosed vulnerabilities should be acted on in a timely manner.,SHOULD,True,data/raw/etsi/etsi_en_303645_v313.pdf
ETSI EN 303 645,V3.1.3,requirement,requirement,5.2 Implement a means to manage reports of vulnerabilities,5.2-3,15,"Manufacturers should continually monitor for, identify and rectify security vulnerabilities within
consumer IoT products they sell, produce, have produced and associated services they operate during the defined
support period.","Manufacturers should continually monitor for, identify and rectify security vulnerabilities within consumer IoT products they sell, produce, have produced and associated services they operate during the defined support period.",SHOULD,True,data/raw/etsi/etsi_en_303645_v313.pdf
ETSI EN 303 645,V3.1.3,requirement,requirement,5.3 Keep software updated,5.3-1,16,"All software components in consumer IoT devices that are not immutable due to security reasons
should be securely updateable.",All software components in consumer IoT devices that are not immutable due to security reasons should be securely updateable.,SHOULD,True,data/raw/etsi/etsi_en_303645_v313.pdf
ETSI EN 303 645,V3.1.3,requirement,requirement,5.3 Keep software updated,5.3-2,16,"The consumer IoT device shall have a secure update mechanism unless the device has a resource
constraint determined by the use case that prevents the implementation.",The consumer IoT device shall have a secure update mechanism unless the device has a resource constraint determined by the use case that prevents the implementation.,SHALL,True,data/raw/etsi/etsi_en_303645_v313.pdf
ETSI EN 303 645,V3.1.3,requirement,requirement,5.3 Keep software updated,5.3-3,17,An update shall be simple for the user to apply.,An update shall be simple for the user to apply.,SHALL,True,data/raw/etsi/etsi_en_303645_v313.pdf
ETSI EN 303 645,V3.1.3,requirement,requirement,5.3 Keep software updated,5.3-4A,17,One secure update mechanism should be configurable to be automated.,One secure update mechanism should be configurable to be automated.,SHOULD,True,data/raw/etsi/etsi_en_303645_v313.pdf
ETSI EN 303 645,V3.1.3,requirement,requirement,5.3 Keep software updated,5.3-4B,17,"During initialization the consumer IoT device should activate an automatic secure update mechanism
after user's consent.",During initialization the consumer IoT device should activate an automatic secure update mechanism after user's consent.,SHOULD,True,data/raw/etsi/etsi_en_303645_v313.pdf
ETSI EN 303 645,V3.1.3,requirement,requirement,5.3 Keep software updated,5.3-5,17,"The consumer IoT device or an associated service should check after initialization whether security
updates are available.",The consumer IoT device or an associated service should check after initialization whether security updates are available.,SHOULD,True,data/raw/etsi/etsi_en_303645_v313.pdf
ETSI EN 303 645,V3.1.3,requirement,requirement,5.3 Keep software updated,5.3-6A,17,"If the consumer IoT device supports automated updates, the user should be able to enable and disable
the automatic update mechanism and postpone the installation of updates provided via an automatic update mechanism.","If the consumer IoT device supports automated updates, the user should be able to enable and disable the automatic update mechanism and postpone the installation of updates provided via an automatic update mechanism.",SHOULD,True,data/raw/etsi/etsi_en_303645_v313.pdf
ETSI EN 303 645,V3.1.3,requirement,requirement,5.3 Keep software updated,5.3-6B,17,"If the consumer IoT device supports update notifications, the user should be able to enable and
disable the update notifications.","If the consumer IoT device supports update notifications, the user should be able to enable and disable the update notifications.",SHOULD,True,data/raw/etsi/etsi_en_303645_v313.pdf
ETSI EN 303 645,V3.1.3,requirement,requirement,5.3 Keep software updated,5.3-7,18,The consumer IoT device shall use best practice cryptography to facilitate secure update mechanisms.,The consumer IoT device shall use best practice cryptography to facilitate secure update mechanisms.,SHALL,True,data/raw/etsi/etsi_en_303645_v313.pdf
ETSI EN 303 645,V3.1.3,requirement,requirement,5.3 Keep software updated,5.3-8,18,Security updates shall be timely.,Security updates shall be timely.,SHALL,True,data/raw/etsi/etsi_en_303645_v313.pdf
ETSI EN 303 645,V3.1.3,requirement,requirement,5.3 Keep software updated,5.3-9,18,The consumer IoT device should verify the authenticity and integrity of software updates.,The consumer IoT device should verify the authenticity and integrity of software updates.,SHOULD,True,data/raw/etsi/etsi_en_303645_v313.pdf
ETSI EN 303 645,V3.1.3,requirement,requirement,5.3 Keep software updated,5.3-10,18,"Where updates are delivered over a network interface, the consumer IoT device shall verify the
authenticity and integrity of each update via a trust relationship.","Where updates are delivered over a network interface, the consumer IoT device shall verify the authenticity and integrity of each update via a trust relationship.",SHALL,True,data/raw/etsi/etsi_en_303645_v313.pdf
ETSI EN 303 645,V3.1.3,requirement,requirement,5.3 Keep software updated,5.3-11,18,"The user should be informed in a recognizable and apparent manner that a security update is required
together with information on the risks mitigated by that update.",The user should be informed in a recognizable and apparent manner that a security update is required together with information on the risks mitigated by that update.,SHOULD,True,data/raw/etsi/etsi_en_303645_v313.pdf
ETSI EN 303 645,V3.1.3,requirement,requirement,5.3 Keep software updated,5.3-12,18,"The user should be notified when the application of a software update will disrupt the basic
functioning of the consumer IoT device.",The user should be notified when the application of a software update will disrupt the basic functioning of the consumer IoT device.,SHOULD,True,data/raw/etsi/etsi_en_303645_v313.pdf
ETSI EN 303 645,V3.1.3,requirement,requirement,5.3 Keep software updated,5.3-13,19,"The manufacturer shall publish, in an accessible way that is clear and transparent to the user, the
defined support period.","The manufacturer shall publish, in an accessible way that is clear and transparent to the user, the defined support period.",SHALL,True,data/raw/etsi/etsi_en_303645_v313.pdf
ETSI EN 303 645,V3.1.3,requirement,requirement,5.3 Keep software updated,5.3-14,19,"For consumer IoT devices that cannot have their software updated, the rationale for the absence of
software updates, the period and method of hardware replacement support should be published by the manufacturer in
an accessible way that is clear and transparent to the user.","For consumer IoT devices that cannot have their software updated, the rationale for the absence of software updates, the period and method of hardware replacement support should be published by the manufacturer in an accessible way that is clear and transparent to the user.",SHOULD,True,data/raw/etsi/etsi_en_303645_v313.pdf
ETSI EN 303 645,V3.1.3,requirement,requirement,5.3 Keep software updated,5.3-15A,19,"For devices that cannot have their software updated, the consumer IoT device should be isolable.","For devices that cannot have their software updated, the consumer IoT device should be isolable.",SHOULD,True,data/raw/etsi/etsi_en_303645_v313.pdf
ETSI EN 303 645,V3.1.3,requirement,requirement,5.3 Keep software updated,5.3-15B,19,"For devices that cannot have their software updated, the consumer IoT device hardware should be
replaceable.","For devices that cannot have their software updated, the consumer IoT device hardware should be replaceable.",SHOULD,True,data/raw/etsi/etsi_en_303645_v313.pdf
ETSI EN 303 645,V3.1.3,requirement,requirement,5.3 Keep software updated,5.3-16,19,"The model designation of the consumer IoT device shall be clearly recognizable, either by labelling
on the consumer IoT device or via a user interface.","The model designation of the consumer IoT device shall be clearly recognizable, either by labelling on the consumer IoT device or via a user interface.",SHALL,True,data/raw/etsi/etsi_en_303645_v313.pdf
ETSI EN 303 645,V3.1.3,requirement,requirement,5.4 Securely store sensitive security parameters,5.4-1,20,Sensitive security parameters in persistent storage shall be stored securely by the consumer IoT device.,Sensitive security parameters in persistent storage shall be stored securely by the consumer IoT device.,SHALL,True,data/raw/etsi/etsi_en_303645_v313.pdf
ETSI EN 303 645,V3.1.3,requirement,requirement,5.4 Securely store sensitive security parameters,5.4-2,20,"Where a hard-coded unique per device identity is used in a consumer IoT device for security purposes,
it shall be implemented in such a way that it resists tampering by means such as physical, electrical or software.","Where a hard-coded unique per device identity is used in a consumer IoT device for security purposes, it shall be implemented in such a way that it resists tampering by means such as physical, electrical or software.",SHALL,True,data/raw/etsi/etsi_en_303645_v313.pdf
ETSI EN 303 645,V3.1.3,requirement,requirement,5.4 Securely store sensitive security parameters,5.4-3,20,Hard-coded critical security parameters in consumer IoT device software source code shall not be used.,Hard-coded critical security parameters in consumer IoT device software source code shall not be used.,SHALL,True,data/raw/etsi/etsi_en_303645_v313.pdf
ETSI EN 303 645,V3.1.3,requirement,requirement,5.4 Securely store sensitive security parameters,5.4-4,20,"Any critical security parameters used for integrity and authenticity checks of software updates and for
protection of communication with associated services in consumer IoT device software shall be unique per device and
shall be produced with a mechanism that reduces the risk of automated attacks against classes of consumer IoT devices.",Any critical security parameters used for integrity and authenticity checks of software updates and for protection of communication with associated services in consumer IoT device software shall be unique per device and shall be produced with a mechanism that reduces the risk of automated attacks against classes of consumer IoT devices.,SHALL,True,data/raw/etsi/etsi_en_303645_v313.pdf
ETSI EN 303 645,V3.1.3,requirement,requirement,5.5 Communicate securely,5.5-1,21,The consumer IoT device shall use best practice cryptography to communicate securely.,The consumer IoT device shall use best practice cryptography to communicate securely.,SHALL,True,data/raw/etsi/etsi_en_303645_v313.pdf
ETSI EN 303 645,V3.1.3,requirement,requirement,5.5 Communicate securely,5.5-2,21,"The consumer IoT device should use reviewed or evaluated implementations to deliver network and
security functionalities, particularly in the field of cryptography.","The consumer IoT device should use reviewed or evaluated implementations to deliver network and security functionalities, particularly in the field of cryptography.",SHOULD,True,data/raw/etsi/etsi_en_303645_v313.pdf
ETSI EN 303 645,V3.1.3,requirement,requirement,5.5 Communicate securely,5.5-3,21,Cryptographic algorithms and primitives should be replaceable.,Cryptographic algorithms and primitives should be replaceable.,SHOULD,True,data/raw/etsi/etsi_en_303645_v313.pdf
ETSI EN 303 645,V3.1.3,requirement,requirement,5.5 Communicate securely,5.5-4,21,"Access to consumer IoT device functionality via a network interface in the initialized state should only
be possible after authentication on that interface.",Access to consumer IoT device functionality via a network interface in the initialized state should only be possible after authentication on that interface.,SHOULD,True,data/raw/etsi/etsi_en_303645_v313.pdf
ETSI EN 303 645,V3.1.3,requirement,requirement,5.5 Communicate securely,5.5-5,21,"Consumer IoT device functionality that allows security-relevant changes in configuration via a network
interface shall only be accessible after authentication. The exception is for network service protocols that are relied
upon by the consumer IoT device and where the manufacturer cannot guarantee what configuration will be required for
the consumer IoT device to operate.",Consumer IoT device functionality that allows security-relevant changes in configuration via a network interface shall only be accessible after authentication. The exception is for network service protocols that are relied upon by the consumer IoT device and where the manufacturer cannot guarantee what configuration will be required for the consumer IoT device to operate.,SHALL,True,data/raw/etsi/etsi_en_303645_v313.pdf
ETSI EN 303 645,V3.1.3,requirement,requirement,5.5 Communicate securely,5.5-6,21,"Critical security parameters should be encrypted in transit, with such encryption appropriate to the
properties of the technology, risk and usage.","Critical security parameters should be encrypted in transit, with such encryption appropriate to the properties of the technology, risk and usage.",SHOULD,True,data/raw/etsi/etsi_en_303645_v313.pdf
ETSI EN 303 645,V3.1.3,requirement,requirement,5.5 Communicate securely,5.5-7,21,"The consumer IoT device shall protect the confidentiality of critical security parameters that are
communicated via remotely accessible network interfaces.",The consumer IoT device shall protect the confidentiality of critical security parameters that are communicated via remotely accessible network interfaces.,SHALL,True,data/raw/etsi/etsi_en_303645_v313.pdf
ETSI EN 303 645,V3.1.3,requirement,requirement,5.5 Communicate securely,5.5-8,22,"The manufacturer shall follow secure management processes for critical security parameters that relate
to the consumer IoT device and for the entire lifecycle of the critical security parameters.",The manufacturer shall follow secure management processes for critical security parameters that relate to the consumer IoT device and for the entire lifecycle of the critical security parameters.,SHALL,True,data/raw/etsi/etsi_en_303645_v313.pdf
ETSI EN 303 645,V3.1.3,requirement,requirement,5.6 Minimize exposed attack surfaces,5.6-1,22,"All unused network interfaces and all unused logical interfaces that are accessible through a network
interface shall be disabled.",All unused network interfaces and all unused logical interfaces that are accessible through a network interface shall be disabled.,SHALL,True,data/raw/etsi/etsi_en_303645_v313.pdf
ETSI EN 303 645,V3.1.3,requirement,requirement,5.6 Minimize exposed attack surfaces,5.6-2,22,"In the initialized state, the network interfaces of the consumer IoT device shall minimize the
unauthenticated disclosure of security-relevant information.","In the initialized state, the network interfaces of the consumer IoT device shall minimize the unauthenticated disclosure of security-relevant information.",SHALL,True,data/raw/etsi/etsi_en_303645_v313.pdf
ETSI EN 303 645,V3.1.3,requirement,requirement,5.6 Minimize exposed attack surfaces,5.6-3,22,Consumer IoT device hardware should not unnecessarily expose physical interfaces to attack.,Consumer IoT device hardware should not unnecessarily expose physical interfaces to attack.,SHOULD,True,data/raw/etsi/etsi_en_303645_v313.pdf
ETSI EN 303 645,V3.1.3,requirement,requirement,5.6 Minimize exposed attack surfaces,5.6-4A,23,"Debug interfaces shall be disabled or protected via a best practice authentication or access control
mechanism.",Debug interfaces shall be disabled or protected via a best practice authentication or access control mechanism.,SHALL,True,data/raw/etsi/etsi_en_303645_v313.pdf
ETSI EN 303 645,V3.1.3,requirement,requirement,5.6 Minimize exposed attack surfaces,5.6-4B,23,Debug interfaces that are physical ports should be physically protected by the device.,Debug interfaces that are physical ports should be physically protected by the device.,SHOULD,True,data/raw/etsi/etsi_en_303645_v313.pdf
ETSI EN 303 645,V3.1.3,requirement,requirement,5.6 Minimize exposed attack surfaces,5.6-5,23,"The manufacturer should only enable software services that are used or required for the intended use or
operation of the consumer IoT device.",The manufacturer should only enable software services that are used or required for the intended use or operation of the consumer IoT device.,SHOULD,True,data/raw/etsi/etsi_en_303645_v313.pdf
ETSI EN 303 645,V3.1.3,requirement,requirement,5.6 Minimize exposed attack surfaces,5.6-6,23,Code should be minimized to the functionality necessary for the consumer IoT device to operate.,Code should be minimized to the functionality necessary for the consumer IoT device to operate.,SHOULD,True,data/raw/etsi/etsi_en_303645_v313.pdf
ETSI EN 303 645,V3.1.3,requirement,requirement,5.6 Minimize exposed attack surfaces,5.6-7,23,"Software should run with least necessary privileges, taking account of both security and functionality.","Software should run with least necessary privileges, taking account of both security and functionality.",SHOULD,True,data/raw/etsi/etsi_en_303645_v313.pdf
ETSI EN 303 645,V3.1.3,requirement,requirement,5.6 Minimize exposed attack surfaces,5.6-8,23,The consumer IoT device should include a hardware-level access control mechanism for memory.,The consumer IoT device should include a hardware-level access control mechanism for memory.,SHOULD,True,data/raw/etsi/etsi_en_303645_v313.pdf
ETSI EN 303 645,V3.1.3,requirement,requirement,5.6 Minimize exposed attack surfaces,5.6-9,23,"The manufacturer should follow secure development processes for software deployed on the consumer
IoT device.",The manufacturer should follow secure development processes for software deployed on the consumer IoT device.,SHOULD,True,data/raw/etsi/etsi_en_303645_v313.pdf
ETSI EN 303 645,V3.1.3,requirement,requirement,5.7 Ensure software integrity,5.7-1,24,The consumer IoT device should verify its software using secure boot mechanisms.,The consumer IoT device should verify its software using secure boot mechanisms.,SHOULD,True,data/raw/etsi/etsi_en_303645_v313.pdf
ETSI EN 303 645,V3.1.3,requirement,requirement,5.7 Ensure software integrity,5.7-2,24,"If an unauthorized change is detected to the software, the consumer IoT device should alert the user
and/or administrator to the issue and should not connect to wider networks than those necessary to perform the alerting
function.","If an unauthorized change is detected to the software, the consumer IoT device should alert the user and/or administrator to the issue and should not connect to wider networks than those necessary to perform the alerting function.",SHOULD,True,data/raw/etsi/etsi_en_303645_v313.pdf
ETSI EN 303 645,V3.1.3,requirement,requirement,5.8 Ensure that personal data is secure,5.8-1,24,"The confidentiality of personal data transiting between the consumer IoT device and associated
services should be protected with best practice cryptography, appropriate to the properties of the technology, operating
environment, risk and usage.","The confidentiality of personal data transiting between the consumer IoT device and associated services should be protected with best practice cryptography, appropriate to the properties of the technology, operating environment, risk and usage.",SHOULD,True,data/raw/etsi/etsi_en_303645_v313.pdf
ETSI EN 303 645,V3.1.3,requirement,requirement,5.8 Ensure that personal data is secure,5.8-2,24,"The confidentiality of sensitive personal data communicated between the consumer IoT device and
associated services shall be protected with best practice cryptography, appropriate to the properties of the technology,
operating environment, risk and usage.","The confidentiality of sensitive personal data communicated between the consumer IoT device and associated services shall be protected with best practice cryptography, appropriate to the properties of the technology, operating environment, risk and usage.",SHALL,True,data/raw/etsi/etsi_en_303645_v313.pdf
ETSI EN 303 645,V3.1.3,requirement,requirement,5.8 Ensure that personal data is secure,5.8-3,24,"All external sensing capabilities of the consumer IoT device shall be documented in an accessible way
that is clear and transparent for the user.",All external sensing capabilities of the consumer IoT device shall be documented in an accessible way that is clear and transparent for the user.,SHALL,True,data/raw/etsi/etsi_en_303645_v313.pdf
ETSI EN 303 645,V3.1.3,requirement,requirement,5.9 Make systems resilient to outages,5.9-1,25,"Resilience should be built in to consumer IoT products, taking into account the possibility of outages of
data networks and power.","Resilience should be built in to consumer IoT products, taking into account the possibility of outages of data networks and power.",SHOULD,True,data/raw/etsi/etsi_en_303645_v313.pdf
ETSI EN 303 645,V3.1.3,requirement,requirement,5.9 Make systems resilient to outages,5.9-2,25,"Consumer IoT devices should remain operating and locally functional in the case of a loss of network
access and should recover cleanly in the case of restoration of a loss of power.",Consumer IoT devices should remain operating and locally functional in the case of a loss of network access and should recover cleanly in the case of restoration of a loss of power.,SHOULD,True,data/raw/etsi/etsi_en_303645_v313.pdf
ETSI EN 303 645,V3.1.3,requirement,requirement,5.9 Make systems resilient to outages,5.9-3,25,"The consumer IoT device should connect to networks in an expected, operational and stable state and
in an orderly fashion, taking the capability of the infrastructure into consideration.","The consumer IoT device should connect to networks in an expected, operational and stable state and in an orderly fashion, taking the capability of the infrastructure into consideration.",SHOULD,True,data/raw/etsi/etsi_en_303645_v313.pdf
ETSI EN 303 645,V3.1.3,requirement,requirement,5.10 Examine system telemetry data,5.10-1,25,"If telemetry data is collected from consumer IoT products, such as usage and measurement data, it
should be examined for security anomalies.","If telemetry data is collected from consumer IoT products, such as usage and measurement data, it should be examined for security anomalies.",SHOULD,True,data/raw/etsi/etsi_en_303645_v313.pdf
ETSI EN 303 645,V3.1.3,requirement,requirement,5.11 Make it easy for users to delete user data,5.11-1,26,"Users shall be provided with functionality such that all their user data can be erased from the
consumer IoT device in a simple manner.",Users shall be provided with functionality such that all their user data can be erased from the consumer IoT device in a simple manner.,SHALL,True,data/raw/etsi/etsi_en_303645_v313.pdf
ETSI EN 303 645,V3.1.3,requirement,requirement,5.11 Make it easy for users to delete user data,5.11-2,26,"The consumer should be provided with functionality on the consumer IoT device such that personal
data can be deleted from associated services in a simple manner.",The consumer should be provided with functionality on the consumer IoT device such that personal data can be deleted from associated services in a simple manner.,SHOULD,True,data/raw/etsi/etsi_en_303645_v313.pdf
ETSI EN 303 645,V3.1.3,requirement,requirement,5.11 Make it easy for users to delete user data,5.11-3,26,"Users should be given clear instructions on how to delete and where possible to erase their personal
data from the device and associated services.",Users should be given clear instructions on how to delete and where possible to erase their personal data from the device and associated services.,SHOULD,True,data/raw/etsi/etsi_en_303645_v313.pdf
ETSI EN 303 645,V3.1.3,requirement,requirement,5.11 Make it easy for users to delete user data,5.11-4,26,"Users should be provided with clear confirmation that personal data has been deleted and where
possible erased from devices and associated services.",Users should be provided with clear confirmation that personal data has been deleted and where possible erased from devices and associated services.,SHOULD,True,data/raw/etsi/etsi_en_303645_v313.pdf
ETSI EN 303 645,V3.1.3,requirement,requirement,5.12 Make installation and maintenance of devices easy,5.12-1,26,"Installation and maintenance of consumer IoT should involve minimal decisions by the user and
should follow security best practice on usability.",Installation and maintenance of consumer IoT should involve minimal decisions by the user and should follow security best practice on usability.,SHOULD,True,data/raw/etsi/etsi_en_303645_v313.pdf
ETSI EN 303 645,V3.1.3,requirement,requirement,5.12 Make installation and maintenance of devices easy,5.12-2,27,"The manufacturer should provide users with guidance on how to securely set up their consumer IoT
device.",The manufacturer should provide users with guidance on how to securely set up their consumer IoT device.,SHOULD,True,data/raw/etsi/etsi_en_303645_v313.pdf
ETSI EN 303 645,V3.1.3,requirement,requirement,5.12 Make installation and maintenance of devices easy,5.12-3,27,"The manufacturer should provide users with guidance on how to check whether their consumer IoT
device is securely set up and maintained in a secure state.",The manufacturer should provide users with guidance on how to check whether their consumer IoT device is securely set up and maintained in a secure state.,SHOULD,True,data/raw/etsi/etsi_en_303645_v313.pdf
ETSI EN 303 645,V3.1.3,requirement,requirement,5.13 Validate input data,5.13-1A,27,"Data input at application layer to the device via user interfaces shall be validated by the device
regarding unexpected data input to prevent system manipulations and failures.",Data input at application layer to the device via user interfaces shall be validated by the device regarding unexpected data input to prevent system manipulations and failures.,SHALL,True,data/raw/etsi/etsi_en_303645_v313.pdf
ETSI EN 303 645,V3.1.3,requirement,requirement,5.13 Validate input data,5.13-1B,27,"Data input at application layer to the device via network interfaces shall be validated by the device
regarding unexpected data input to prevent system manipulations and failures.",Data input at application layer to the device via network interfaces shall be validated by the device regarding unexpected data input to prevent system manipulations and failures.,SHALL,True,data/raw/etsi/etsi_en_303645_v313.pdf
ETSI EN 303 645,V3.1.3,requirement,requirement,6 Data protection provisions for consumer IoT,6-1,28,"The manufacturer shall provide consumers with clear and transparent information about what personal
data is processed and for what purposes, by whom, and for how long, for each consumer IoT device and associated
service. This also applies to third parties that can be involved, including advertisers.","The manufacturer shall provide consumers with clear and transparent information about what personal data is processed and for what purposes, by whom, and for how long, for each consumer IoT device and associated service. This also applies to third parties that can be involved, including advertisers.",SHALL,True,data/raw/etsi/etsi_en_303645_v313.pdf
ETSI EN 303 645,V3.1.3,requirement,requirement,6 Data protection provisions for consumer IoT,6-2,28,"Where personal data will be processed on the basis of consumers' consent, the consumer IoT device shall
provide a means to acquire this consent in a valid way.","Where personal data will be processed on the basis of consumers' consent, the consumer IoT device shall provide a means to acquire this consent in a valid way.",SHALL,True,data/raw/etsi/etsi_en_303645_v313.pdf
ETSI EN 303 645,V3.1.3,requirement,requirement,6 Data protection provisions for consumer IoT,6-3A,28,"Where personal data will be processed on the basis of consumers' consent, the consumer IoT device
shall provide a means to withdraw this consent at any time.","Where personal data will be processed on the basis of consumers' consent, the consumer IoT device shall provide a means to withdraw this consent at any time.",SHALL,True,data/raw/etsi/etsi_en_303645_v313.pdf
ETSI EN 303 645,V3.1.3,requirement,requirement,6 Data protection provisions for consumer IoT,6-3B,28,"Where personal data will be processed on the basis of consumers' consent, the consumer IoT device
shall provide a means of storing information about this consent.","Where personal data will be processed on the basis of consumers' consent, the consumer IoT device shall provide a means of storing information about this consent.",SHALL,True,data/raw/etsi/etsi_en_303645_v313.pdf
ETSI EN 303 645,V3.1.3,requirement,requirement,6 Data protection provisions for consumer IoT,6-4,28,"If telemetry data is collected from consumer IoT products, the processing of personal data should be
limited to that which is necessary for the intended functionality identified in provision 6-5.","If telemetry data is collected from consumer IoT products, the processing of personal data should be limited to that which is necessary for the intended functionality identified in provision 6-5.",SHOULD,True,data/raw/etsi/etsi_en_303645_v313.pdf
ETSI EN 303 645,V3.1.3,requirement,requirement,6 Data protection provisions for consumer IoT,6-5,28,"If telemetry data is collected from consumer IoT products, consumers shall be provided with information
on what telemetry data is collected, how it is being used, by whom, and for what purposes.","If telemetry data is collected from consumer IoT products, consumers shall be provided with information on what telemetry data is collected, how it is being used, by whom, and for what purposes.",SHALL,True,data/raw/etsi/etsi_en_303645_v313.pdf
ETSI EN 303 645,V3.1.3,requirement,requirement,6 Data protection provisions for consumer IoT,6-6,28,"Data stored and processed on a consumer IoT device, or made available to an associated service by the
consumer IoT device, for purposes identified in provision 6-1 shall be limited to that which is necessary for the purpose
for which it is being collected or processed, and deleted once no longer necessary for any of the purposes identified.","Data stored and processed on a consumer IoT device, or made available to an associated service by the consumer IoT device, for purposes identified in provision 6-1 shall be limited to that which is necessary for the purpose for which it is being collected or processed, and deleted once no longer necessary for any of the purposes identified.",SHALL,True,data/raw/etsi/etsi_en_303645_v313.pdf
ETSI EN 303 645,V3.1.3,requirement,requirement,6 Data protection provisions for consumer IoT,6-7,29,"When the purpose of data collection from consumer IoT devices, or processing on the consumer IoT
device, is solely to compute an aggregate result, the data collected should be the minimum required to compute the
aggregate, the aggregation should happen as early as possible, and the retention of both collected data and the resulting
aggregate should be minimized.","When the purpose of data collection from consumer IoT devices, or processing on the consumer IoT device, is solely to compute an aggregate result, the data collected should be the minimum required to compute the aggregate, the aggregation should happen as early as possible, and the retention of both collected data and the resulting aggregate should be minimized.",SHOULD,True,data/raw/etsi/etsi_en_303645_v313.pdf
ETSI EN 303 645,V3.1.3,requirement,requirement,6 Data protection provisions for consumer IoT,6-8,29,"Data anonymization technologies should be used to protect privacy during data collection, processing
and storage.","Data anonymization technologies should be used to protect privacy during data collection, processing and storage.",SHOULD,True,data/raw/etsi/etsi_en_303645_v313.pdf
ETSI TS 103 701,V2.1.1,assessment,assessment_step,5.0.1 Test group 5.0-1,5.0-1-1 a),24,"The TL shall check whether a justification is given in the ICS for each recommendation that is considered to
be not applicable for or not fulfilled by the DUT.",The TL shall check whether a justification is given in the ICS for each recommendation that is considered to be not applicable for or not fulfilled by the DUT.,SHALL,False,data/raw/etsi/etsi_ts_103701_v211.pdf
ETSI TS 103 701,V2.1.1,assessment,assessment_step,5.1.1 Test group 5.1-1,5.1-1-1 a),24,"The TL shall assess for all password-based authentication mechanisms in IXIT 1-AuthMech, that are used to
authenticate users against the DUT or for machine-to-machine authentication according to ""Description"" and
where passwords are not defined by the user according to ""Authentication Factor"" and used in any state other
than the factory default whether the ""Password Generation Mechanism"" ensures that passwords are unique per
device.","The TL shall assess for all password-based authentication mechanisms in IXIT 1-AuthMech, that are used to authenticate users against the DUT or for machine-to-machine authentication according to ""Description"" and where passwords are not defined by the user according to ""Authentication Factor"" and used in any state other than the factory default whether the ""Password Generation Mechanism"" ensures that passwords are unique per device.",SHALL,False,data/raw/etsi/etsi_ts_103701_v211.pdf
ETSI TS 103 701,V2.1.1,assessment,assessment_step,5.1.1 Test group 5.1-1,5.1-1-2 a),25,"The TL shall functionally assess whether password-based authentication mechanisms used to authenticate
users against the DUT or for machine-to-machine authentication that are not documented in IXIT 1-AuthMech
are available via a network interface on the DUT or described in the user manual.",The TL shall functionally assess whether password-based authentication mechanisms used to authenticate users against the DUT or for machine-to-machine authentication that are not documented in IXIT 1-AuthMech are available via a network interface on the DUT or described in the user manual.,SHALL,False,data/raw/etsi/etsi_ts_103701_v211.pdf
ETSI TS 103 701,V2.1.1,assessment,assessment_step,5.1.1 Test group 5.1-1,5.1-1-2 b),25,"For each password-based authentication mechanism in IXIT 1-AuthMech that is used to authenticate users
against the DUT or for machine-to-machine authentication according to ""Description"", the TL shall
functionally check whether the user is required to define all passwords that are user-defined according to
""Authentication Factor"" before being used.","For each password-based authentication mechanism in IXIT 1-AuthMech that is used to authenticate users against the DUT or for machine-to-machine authentication according to ""Description"", the TL shall functionally check whether the user is required to define all passwords that are user-defined according to ""Authentication Factor"" before being used.",SHALL,False,data/raw/etsi/etsi_ts_103701_v211.pdf
ETSI TS 103 701,V2.1.1,assessment,assessment_step,5.1.1 Test group 5.1-1,5.1-1-2 c),25,"The TL shall functionally assess whether all passwords of the DUT, that are not defined by the user according
to ""Authentication Factor"" in IXIT 1-AuthMech and used in any state other than the factory default, do not
violate the description of the ""Password Generation Mechanism"".","The TL shall functionally assess whether all passwords of the DUT, that are not defined by the user according to ""Authentication Factor"" in IXIT 1-AuthMech and used in any state other than the factory default, do not violate the description of the ""Password Generation Mechanism"".",SHALL,False,data/raw/etsi/etsi_ts_103701_v211.pdf
ETSI TS 103 701,V2.1.1,assessment,assessment_step,5.1.2 Test group 5.1-2,5.1-2-1 a),25,"The TL shall assess for each authentication mechanism in IXIT 1-AuthMech, that is used to authenticate users
against the DUT or for machine-to-machine authentication according to ""Description"" and where pre-installed
passwords are used according to ""Authentication Factor"", whether the generation mechanism in ""Password
Generation Mechanism"" induces obvious regularities in the resulting passwords.","The TL shall assess for each authentication mechanism in IXIT 1-AuthMech, that is used to authenticate users against the DUT or for machine-to-machine authentication according to ""Description"" and where pre-installed passwords are used according to ""Authentication Factor"", whether the generation mechanism in ""Password Generation Mechanism"" induces obvious regularities in the resulting passwords.",SHALL,False,data/raw/etsi/etsi_ts_103701_v211.pdf
ETSI TS 103 701,V2.1.1,assessment,assessment_step,5.1.2 Test group 5.1-2,5.1-2-1 b),26,"The TL shall assess whether the generation mechanism induces common strings or other common patterns in
the resulting passwords.",The TL shall assess whether the generation mechanism induces common strings or other common patterns in the resulting passwords.,SHALL,False,data/raw/etsi/etsi_ts_103701_v211.pdf
ETSI TS 103 701,V2.1.1,assessment,assessment_step,5.1.2 Test group 5.1-2,5.1-2-1 c),26,"The TL shall assess whether the generation mechanism induces passwords, that are related in an obvious way
to public information.","The TL shall assess whether the generation mechanism induces passwords, that are related in an obvious way to public information.",SHALL,False,data/raw/etsi/etsi_ts_103701_v211.pdf
ETSI TS 103 701,V2.1.1,assessment,assessment_step,5.1.2 Test group 5.1-2,5.1-2-1 d),26,"The TL shall assess whether the generation mechanism induces passwords, that are considered appropriate in
terms of complexity.","The TL shall assess whether the generation mechanism induces passwords, that are considered appropriate in terms of complexity.",SHALL,False,data/raw/etsi/etsi_ts_103701_v211.pdf
ETSI TS 103 701,V2.1.1,assessment,assessment_step,5.1.2 Test group 5.1-2,5.1-2-2 a),26,"For each authentication mechanism in IXIT 1-AuthMech, that is used to authenticate users against the DUT or
for machine-to-machine authentication according to ""Description"" and where pre-installed passwords are used
according to ""Authentication Factor"", the TL shall functionally assess whether the generation mechanism is
plausibly implemented in accordance to the description in ""Password Generation Mechanism"".","For each authentication mechanism in IXIT 1-AuthMech, that is used to authenticate users against the DUT or for machine-to-machine authentication according to ""Description"" and where pre-installed passwords are used according to ""Authentication Factor"", the TL shall functionally assess whether the generation mechanism is plausibly implemented in accordance to the description in ""Password Generation Mechanism"".",SHALL,False,data/raw/etsi/etsi_ts_103701_v211.pdf
ETSI TS 103 701,V2.1.1,assessment,assessment_step,5.1.2A Test group 5.1-2A,5.1-2A-1 a),27,"The TL shall assess for each authentication mechanism in IXIT 1-AuthMech, that is used for machine-to-
machine authentication according to ""Description"", whether the type of attribute used for authentication in
""Authentication Factor"" includes passwords.","The TL shall assess for each authentication mechanism in IXIT 1-AuthMech, that is used for machine-to- machine authentication according to ""Description"", whether the type of attribute used for authentication in ""Authentication Factor"" includes passwords.",SHALL,False,data/raw/etsi/etsi_ts_103701_v211.pdf
ETSI TS 103 701,V2.1.1,assessment,assessment_step,5.1.2A Test group 5.1-2A,5.1-2A-2 a),27,"The TL shall apply test unit a) as specified in the Test case 5.1-1-2 to every referenced ""Authentication
Mechanism"" in IXIT 1-AuthMech.","The TL shall apply test unit a) as specified in the Test case 5.1-1-2 to every referenced ""Authentication Mechanism"" in IXIT 1-AuthMech.",SHALL,False,data/raw/etsi/etsi_ts_103701_v211.pdf
ETSI TS 103 701,V2.1.1,assessment,assessment_step,5.1.2A Test group 5.1-2A,5.1-2A-2 b),27,"For each authentication mechanism in IXIT 1-AuthMech used for machine-to-machine authentication
according to ""Description"", the TL shall functionally assess whether the authentication process accepts
passwords.","For each authentication mechanism in IXIT 1-AuthMech used for machine-to-machine authentication according to ""Description"", the TL shall functionally assess whether the authentication process accepts passwords.",SHALL,False,data/raw/etsi/etsi_ts_103701_v211.pdf
ETSI TS 103 701,V2.1.1,assessment,assessment_step,5.1.3 Test group 5.1-3,5.1-3-1 a),28,"For each authentication mechanism in IXIT 1-AuthMech, that is used to authenticate users against the DUT or
for machine-to-machine authentication according to ""Description"", the TL shall assess whether the ""Security
Guarantees"" are appropriate for the use case, at least integrity and authenticity are required to be fulfilled.","For each authentication mechanism in IXIT 1-AuthMech, that is used to authenticate users against the DUT or for machine-to-machine authentication according to ""Description"", the TL shall assess whether the ""Security Guarantees"" are appropriate for the use case, at least integrity and authenticity are required to be fulfilled.",SHALL,False,data/raw/etsi/etsi_ts_103701_v211.pdf
ETSI TS 103 701,V2.1.1,assessment,assessment_step,5.1.3 Test group 5.1-3,5.1-3-1 b),28,"For each authentication mechanism in IXIT 1-AuthMech, that is used to authenticate users against the DUT or
for machine-to-machine authentication according to ""Description"", the TL shall assess whether the mechanism
according to ""Description"" is appropriate to achieve the ""Security Guarantees"".","For each authentication mechanism in IXIT 1-AuthMech, that is used to authenticate users against the DUT or for machine-to-machine authentication according to ""Description"", the TL shall assess whether the mechanism according to ""Description"" is appropriate to achieve the ""Security Guarantees"".",SHALL,False,data/raw/etsi/etsi_ts_103701_v211.pdf
ETSI TS 103 701,V2.1.1,assessment,assessment_step,5.1.3 Test group 5.1-3,5.1-3-1 c),28,"For each authentication mechanism in IXIT 1-AuthMech, that is used to authenticate users against the DUT or
for machine-to-machine authentication according to ""Description"", the TL shall assess whether the
""Cryptographic Details"" are considered as best practice for the use case based on a reference catalogue. If
""Cryptographic Details"" are not included in a reference catalogue for the corresponding use case (e.g. novel
cryptography), the SO shall provide evidence, e.g. a risk analysis, to justify the cryptography is appropriate as
best practice for the use case. In such case the TL shall assess whether the evidence is appropriate and reliable
for the use case.","For each authentication mechanism in IXIT 1-AuthMech, that is used to authenticate users against the DUT or for machine-to-machine authentication according to ""Description"", the TL shall assess whether the ""Cryptographic Details"" are considered as best practice for the use case based on a reference catalogue. If ""Cryptographic Details"" are not included in a reference catalogue for the corresponding use case (e.g. novel cryptography), the SO shall provide evidence, e.g. a risk analysis, to justify the cryptography is appropriate as best practice for the use case. In such case the TL shall assess whether the evidence is appropriate and reliable for the use case.",SHALL,False,data/raw/etsi/etsi_ts_103701_v211.pdf
ETSI TS 103 701,V2.1.1,assessment,assessment_step,5.1.3 Test group 5.1-3,5.1-3-1 d),28,"For each authentication mechanism in IXIT 1-AuthMech, that is used to authenticate users against the DUT or
for machine-to-machine authentication according to ""Description"", the TL shall assess whether the
""Cryptographic Details"" are not known to be vulnerable to a feasible attack for the desired security property on
the base of the ""Security Guarantees"" by reference to competent cryptanalytic reports.","For each authentication mechanism in IXIT 1-AuthMech, that is used to authenticate users against the DUT or for machine-to-machine authentication according to ""Description"", the TL shall assess whether the ""Cryptographic Details"" are not known to be vulnerable to a feasible attack for the desired security property on the base of the ""Security Guarantees"" by reference to competent cryptanalytic reports.",SHALL,False,data/raw/etsi/etsi_ts_103701_v211.pdf
ETSI TS 103 701,V2.1.1,assessment,assessment_step,5.1.3 Test group 5.1-3,5.1-3-2 a),29,"For each authentication mechanism in IXIT 1-AuthMech, that is used to authenticate users against the DUT or
for machine-to-machine authentication according to ""Description"", the TL shall functionally assess whether
the described ""Cryptographic Details"" are used by the DUT.","For each authentication mechanism in IXIT 1-AuthMech, that is used to authenticate users against the DUT or for machine-to-machine authentication according to ""Description"", the TL shall functionally assess whether the described ""Cryptographic Details"" are used by the DUT.",SHALL,False,data/raw/etsi/etsi_ts_103701_v211.pdf
ETSI TS 103 701,V2.1.1,assessment,assessment_step,5.1.4 Test group 5.1-4,5.1-4-1 a),29,"For every authentication mechanism in IXIT 1-AuthMech where ""Description"" indicates that the mechanism is
used for user authentication, the TL shall assess whether the values of authentication factors can be changed
by a user or administrator according to the ""Authentication factor"".","For every authentication mechanism in IXIT 1-AuthMech where ""Description"" indicates that the mechanism is used for user authentication, the TL shall assess whether the values of authentication factors can be changed by a user or administrator according to the ""Authentication factor"".",SHALL,False,data/raw/etsi/etsi_ts_103701_v211.pdf
ETSI TS 103 701,V2.1.1,assessment,assessment_step,5.1.4 Test group 5.1-4,5.1-4-1 b),30,"For every authentication mechanism in IXIT 1-AuthMech where ""Description"" indicates that the mechanism is
used for user authentication, the TL shall assess whether the information provided to the user or administrator
considers the mechanism and describes how to change authentication values for the mechanism in a manner
that is understandable for a user with limited technical knowledge (see clause D.3) according to
""Documentation of Change Mechanisms"" in IXIT 2-UserInfo.","For every authentication mechanism in IXIT 1-AuthMech where ""Description"" indicates that the mechanism is used for user authentication, the TL shall assess whether the information provided to the user or administrator considers the mechanism and describes how to change authentication values for the mechanism in a manner that is understandable for a user with limited technical knowledge (see clause D.3) according to ""Documentation of Change Mechanisms"" in IXIT 2-UserInfo.",SHALL,False,data/raw/etsi/etsi_ts_103701_v211.pdf
ETSI TS 103 701,V2.1.1,assessment,assessment_step,5.1.4 Test group 5.1-4,5.1-4-2 a),30,"The TL shall perform a change of the authentication values for all user authentication mechanisms in
IXIT 1-AuthMech as documented in ""Documentation of Change Mechanisms"" in IXIT 2-UserInfo.","The TL shall perform a change of the authentication values for all user authentication mechanisms in IXIT 1-AuthMech as documented in ""Documentation of Change Mechanisms"" in IXIT 2-UserInfo.",SHALL,False,data/raw/etsi/etsi_ts_103701_v211.pdf
ETSI TS 103 701,V2.1.1,assessment,assessment_step,5.1.4 Test group 5.1-4,5.1-4-2 b),30,The TL shall functionally assess whether all changes of user authentication values are successful.,The TL shall functionally assess whether all changes of user authentication values are successful.,SHALL,False,data/raw/etsi/etsi_ts_103701_v211.pdf
ETSI TS 103 701,V2.1.1,assessment,assessment_step,5.1.5 Test group 5.1-5,5.1-5-1 a),30,"The TL shall assess whether for each authentication mechanism in IXIT 1-AuthMech, where ""Description""
indicates that the mechanism is directly addressable via a network interface, the mechanism in ""Brute Force
Prevention"" makes successful brute force attacks via network interfaces impracticable.","The TL shall assess whether for each authentication mechanism in IXIT 1-AuthMech, where ""Description"" indicates that the mechanism is directly addressable via a network interface, the mechanism in ""Brute Force Prevention"" makes successful brute force attacks via network interfaces impracticable.",SHALL,False,data/raw/etsi/etsi_ts_103701_v211.pdf
ETSI TS 103 701,V2.1.1,assessment,assessment_step,5.1.5 Test group 5.1-5,5.1-5-2 a),31,"The TL shall functionally assess whether there exist further network-based authentication mechanisms, that
are not listed in IXIT 1-AuthMech.","The TL shall functionally assess whether there exist further network-based authentication mechanisms, that are not listed in IXIT 1-AuthMech.",SHALL,False,data/raw/etsi/etsi_ts_103701_v211.pdf
ETSI TS 103 701,V2.1.1,assessment,assessment_step,5.1.5 Test group 5.1-5,5.1-5-2 b),31,"The TL shall attempt to brute force every network-based authentication mechanism described in
IXIT 1-AuthMech.",The TL shall attempt to brute force every network-based authentication mechanism described in IXIT 1-AuthMech.,SHALL,False,data/raw/etsi/etsi_ts_103701_v211.pdf
ETSI TS 103 701,V2.1.1,assessment,assessment_step,5.2.1 Test group 5.2-1,5.2-1-1 a),32,"The TL shall assess whether access to the publication as described in ""Publication of Vulnerability Disclosure
Policy"" in IXIT 2-UserInfo is possible without meeting criteria such as user account, i.e. whether anybody can
access the documentation.","The TL shall assess whether access to the publication as described in ""Publication of Vulnerability Disclosure Policy"" in IXIT 2-UserInfo is possible without meeting criteria such as user account, i.e. whether anybody can access the documentation.",SHALL,False,data/raw/etsi/etsi_ts_103701_v211.pdf
ETSI TS 103 701,V2.1.1,assessment,assessment_step,5.2.1 Test group 5.2-1,5.2-1-2 a),32,"The TL shall functionally check whether the vulnerability disclosure policy is publicly accessible as described
in ""Publication of Vulnerability Disclosure Policy"" in IXIT 2-UserInfo.","The TL shall functionally check whether the vulnerability disclosure policy is publicly accessible as described in ""Publication of Vulnerability Disclosure Policy"" in IXIT 2-UserInfo.",SHALL,False,data/raw/etsi/etsi_ts_103701_v211.pdf
ETSI TS 103 701,V2.1.1,assessment,assessment_step,5.2.1 Test group 5.2-1,5.2-1-2 b),32,"The TL shall functionally check whether the policy contains:
- contact information; and
- timelines for initial acknowledgement of receipt of a vulnerability report; and
- timelines for when the person who reported the issue will receive status updates until the resolution of
the reported issues.",The TL shall functionally check whether the policy contains: - contact information; and - timelines for initial acknowledgement of receipt of a vulnerability report; and - timelines for when the person who reported the issue will receive status updates until the resolution of the reported issues.,SHALL,False,data/raw/etsi/etsi_ts_103701_v211.pdf
ETSI TS 103 701,V2.1.1,assessment,assessment_step,5.2.2 Test group 5.2-2,5.2-2-1 a),33,"The TL shall assess whether the ""Action"" and the ""Time Frame"" of each disclosed vulnerability in
IXIT 3-VulnTypes facilitate that vulnerabilities are acted on in a timely manner under consideration of the
vulnerability disclosure policy according to ""Publication of Vulnerability Disclosure Policy"" in
IXIT 2-UserInfo.","The TL shall assess whether the ""Action"" and the ""Time Frame"" of each disclosed vulnerability in IXIT 3-VulnTypes facilitate that vulnerabilities are acted on in a timely manner under consideration of the vulnerability disclosure policy according to ""Publication of Vulnerability Disclosure Policy"" in IXIT 2-UserInfo.",SHALL,False,data/raw/etsi/etsi_ts_103701_v211.pdf
ETSI TS 103 701,V2.1.1,assessment,assessment_step,5.2.2 Test group 5.2-2,5.2-2-1 b),33,"The TL shall check whether ""Confirmation of Vulnerability Actions"" in IXIT 4-Conf states a confirmation.","The TL shall check whether ""Confirmation of Vulnerability Actions"" in IXIT 4-Conf states a confirmation.",SHALL,False,data/raw/etsi/etsi_ts_103701_v211.pdf
ETSI TS 103 701,V2.1.1,assessment,assessment_step,5.2.3 Test group 5.2-3,5.2-3-1 a),33,"The TL shall assess whether the way of continuously monitoring for security vulnerabilities documented in
IXIT 5-VulnMon is suited to systematically gather information about security vulnerabilities that potentially
can affect the DUT or its associated services.",The TL shall assess whether the way of continuously monitoring for security vulnerabilities documented in IXIT 5-VulnMon is suited to systematically gather information about security vulnerabilities that potentially can affect the DUT or its associated services.,SHALL,False,data/raw/etsi/etsi_ts_103701_v211.pdf
ETSI TS 103 701,V2.1.1,assessment,assessment_step,5.2.3 Test group 5.2-3,5.2-3-1 b),33,"The TL shall assess whether the way of identifying security vulnerabilities documented in IXIT 5-VulnMon is
suited to determine if and how a security vulnerability can affect the DUT or its associated services.",The TL shall assess whether the way of identifying security vulnerabilities documented in IXIT 5-VulnMon is suited to determine if and how a security vulnerability can affect the DUT or its associated services.,SHALL,False,data/raw/etsi/etsi_ts_103701_v211.pdf
ETSI TS 103 701,V2.1.1,assessment,assessment_step,5.2.3 Test group 5.2-3,5.2-3-1 c),33,"The TL shall assess whether the way of rectifying security vulnerabilities documented in IXIT 5-VulnMon is
suited to address and mitigate the susceptibility of a DUT or its associated services against a security
vulnerability.",The TL shall assess whether the way of rectifying security vulnerabilities documented in IXIT 5-VulnMon is suited to address and mitigate the susceptibility of a DUT or its associated services against a security vulnerability.,SHALL,False,data/raw/etsi/etsi_ts_103701_v211.pdf
ETSI TS 103 701,V2.1.1,assessment,assessment_step,5.2.3 Test group 5.2-3,5.2-3-1 d),34,"The TL shall check whether ""Confirmation of Vulnerability Monitoring"" in IXIT 4-Conf states a confirmation.","The TL shall check whether ""Confirmation of Vulnerability Monitoring"" in IXIT 4-Conf states a confirmation.",SHALL,False,data/raw/etsi/etsi_ts_103701_v211.pdf
ETSI TS 103 701,V2.1.1,assessment,assessment_step,5.3.1 Test group 5.3-1,5.3-1-1 a),34,"For each software component in IXIT 6-SoftComp with an empty list in ""Update Mechanism"", the TL shall
assess whether the software component is immutable due to security reasons as described in the justification
for the absence of software updates.","For each software component in IXIT 6-SoftComp with an empty list in ""Update Mechanism"", the TL shall assess whether the software component is immutable due to security reasons as described in the justification for the absence of software updates.",SHALL,False,data/raw/etsi/etsi_ts_103701_v211.pdf
ETSI TS 103 701,V2.1.1,assessment,assessment_step,5.3.1 Test group 5.3-1,5.3-1-1 b),34,"The TL shall apply all test units as specified in the Test case 5.3-2-1 to every referenced ""Update Mechanism""
in IXIT 6-SoftComp.","The TL shall apply all test units as specified in the Test case 5.3-2-1 to every referenced ""Update Mechanism"" in IXIT 6-SoftComp.",SHALL,False,data/raw/etsi/etsi_ts_103701_v211.pdf
ETSI TS 103 701,V2.1.1,assessment,assessment_step,5.3.1 Test group 5.3-1,5.3-1-2 a),35,"The TL shall apply all test units as specified in the Test case 5.3-2-2 to every referenced ""Update Mechanism""
in IXIT 6-SoftComp.","The TL shall apply all test units as specified in the Test case 5.3-2-2 to every referenced ""Update Mechanism"" in IXIT 6-SoftComp.",SHALL,False,data/raw/etsi/etsi_ts_103701_v211.pdf
ETSI TS 103 701,V2.1.1,assessment,assessment_step,5.3.2 Test group 5.3-2,5.3-2-1 a),35,"For each update mechanism in IXIT 7-UpdMech, the TL shall assess whether the design of the update
mechanism prevents misuse from an attacker according to the ""Security Guarantees"", the corresponding
""Description"", ""Cryptographic Details"" and ""Initiation and Interaction"".","For each update mechanism in IXIT 7-UpdMech, the TL shall assess whether the design of the update mechanism prevents misuse from an attacker according to the ""Security Guarantees"", the corresponding ""Description"", ""Cryptographic Details"" and ""Initiation and Interaction"".",SHALL,False,data/raw/etsi/etsi_ts_103701_v211.pdf
ETSI TS 103 701,V2.1.1,assessment,assessment_step,5.3.2 Test group 5.3-2,5.3-2-2 a),36,"For each update mechanism in IXIT 7-UpdMech, the TL shall devise functional attacks to misuse the update
mechanism based on the ""Description"".","For each update mechanism in IXIT 7-UpdMech, the TL shall devise functional attacks to misuse the update mechanism based on the ""Description"".",SHALL,False,data/raw/etsi/etsi_ts_103701_v211.pdf
ETSI TS 103 701,V2.1.1,assessment,assessment_step,5.3.2 Test group 5.3-2,5.3-2-2 b),36,"The TL shall attempt to misuse each update mechanism on the base of the devised adverse actions and assess
whether the design of the mechanism (see ""Description"", the ""Cryptographic Details"" and ""Initiation and
Interaction"") effectively prevents the misuse of software updates as described in the ""Security Guarantees"".","The TL shall attempt to misuse each update mechanism on the base of the devised adverse actions and assess whether the design of the mechanism (see ""Description"", the ""Cryptographic Details"" and ""Initiation and Interaction"") effectively prevents the misuse of software updates as described in the ""Security Guarantees"".",SHALL,False,data/raw/etsi/etsi_ts_103701_v211.pdf
ETSI TS 103 701,V2.1.1,assessment,assessment_step,5.3.3 Test group 5.3-3,5.3-3-1 a),36,"For each software component in IXIT 6-SoftComp, the TL shall assess whether at least one ""Update
Mechanism"" is described, which is simple for the user to apply according to ""Initiation and Interaction"" in
IXIT 7-UpdMech based on the following factors:
- the software update is automatically applied without requiring any user interaction; or
- the software update is initiated via an associated service; or
- the software update is initiated via a web interface on the device; or
- the software update uses a comparable approach which is applicable for the user with limited technical
knowledge (see clause D.3).","For each software component in IXIT 6-SoftComp, the TL shall assess whether at least one ""Update Mechanism"" is described, which is simple for the user to apply according to ""Initiation and Interaction"" in IXIT 7-UpdMech based on the following factors: - the software update is automatically applied without requiring any user interaction; or - the software update is initiated via an associated service; or - the software update is initiated via a web interface on the device; or - the software update uses a comparable approach which is applicable for the user with limited technical knowledge (see clause D.3).",SHALL,False,data/raw/etsi/etsi_ts_103701_v211.pdf
ETSI TS 103 701,V2.1.1,assessment,assessment_step,5.3.4A Test group 5.3-4A,5.3-4A-1 a),37,"For each update mechanism in IXIT 7-UpdMech, the TL shall assess whether the update mechanism is able to
be automated according to ""Configuration"".","For each update mechanism in IXIT 7-UpdMech, the TL shall assess whether the update mechanism is able to be automated according to ""Configuration"".",SHALL,False,data/raw/etsi/etsi_ts_103701_v211.pdf
ETSI TS 103 701,V2.1.1,assessment,assessment_step,5.3.4A Test group 5.3-4A,5.3-4A-2 a),37,"For each update mechanism in IXIT 7-UpdMech, the TL shall assess whether the configuration of the DUT
allows to automate the update mechanism.","For each update mechanism in IXIT 7-UpdMech, the TL shall assess whether the configuration of the DUT allows to automate the update mechanism.",SHALL,False,data/raw/etsi/etsi_ts_103701_v211.pdf
ETSI TS 103 701,V2.1.1,assessment,assessment_step,5.3.4B Test group 5.3-4B,5.3-4B-1 a),38,"The TL shall identify all automatic update mechanisms in IXIT 7-UpdMech by assessing whether the
mechanism allows the performance of updates without requiring any user interaction according to ""Initiation
and Interaction"".","The TL shall identify all automatic update mechanisms in IXIT 7-UpdMech by assessing whether the mechanism allows the performance of updates without requiring any user interaction according to ""Initiation and Interaction"".",SHALL,False,data/raw/etsi/etsi_ts_103701_v211.pdf
ETSI TS 103 701,V2.1.1,assessment,assessment_step,5.3.4B Test group 5.3-4B,5.3-4B-1 b),38,"For each automatic update mechanism in IXIT 7-UpdMech the TL shall check whether the user's consent to
enable the mechanism queried during initialization, is described in IXIT 26-UserDec.","For each automatic update mechanism in IXIT 7-UpdMech the TL shall check whether the user's consent to enable the mechanism queried during initialization, is described in IXIT 26-UserDec.",SHALL,False,data/raw/etsi/etsi_ts_103701_v211.pdf
ETSI TS 103 701,V2.1.1,assessment,assessment_step,5.3.4B Test group 5.3-4B,5.3-4B-1 c),38,"For each automatic update mechanism in IXIT 7-UpdMech, where the user's consent to enable the mechanism
is queried and granted according to ""Configuration"" during initialization, the TL shall check whether the
automatic mechanism can be enabled by the DUT.","For each automatic update mechanism in IXIT 7-UpdMech, where the user's consent to enable the mechanism is queried and granted according to ""Configuration"" during initialization, the TL shall check whether the automatic mechanism can be enabled by the DUT.",SHALL,False,data/raw/etsi/etsi_ts_103701_v211.pdf
ETSI TS 103 701,V2.1.1,assessment,assessment_step,5.3.4B Test group 5.3-4B,5.3-4B-2 a),38,"during the initialization process of the DUT, the TL shall check whether the user's consent to enable an
automatic secure update mechanism is queried; and","during the initialization process of the DUT, the TL shall check whether the user's consent to enable an automatic secure update mechanism is queried; and",SHALL,False,data/raw/etsi/etsi_ts_103701_v211.pdf
ETSI TS 103 701,V2.1.1,assessment,assessment_step,5.3.4B Test group 5.3-4B,5.3-4B-2 b),38,"for each automatic secure update mechanism for which the user's consent to enable the mechanisms is queried
and granted during the initialization of the DUT, the TL shall check whether the mechanism is enabled after
the initialization of the DUT; and","for each automatic secure update mechanism for which the user's consent to enable the mechanisms is queried and granted during the initialization of the DUT, the TL shall check whether the mechanism is enabled after the initialization of the DUT; and",SHALL,False,data/raw/etsi/etsi_ts_103701_v211.pdf
ETSI TS 103 701,V2.1.1,assessment,assessment_step,5.3.4B Test group 5.3-4B,5.3-4B-2 c),38,"for each automatic secure update mechanism for which the user's consent to enable the mechanisms is queried
and denied during the initialization of the DUT, the TL shall check whether the mechanism is disabled after
the initialization of the DUT.","for each automatic secure update mechanism for which the user's consent to enable the mechanisms is queried and denied during the initialization of the DUT, the TL shall check whether the mechanism is disabled after the initialization of the DUT.",SHALL,False,data/raw/etsi/etsi_ts_103701_v211.pdf
ETSI TS 103 701,V2.1.1,assessment,assessment_step,5.3.5 Test group 5.3-5,5.3-5-1 a),39,"For each update mechanism in IXIT 7-UpdMech, the TL shall assess whether the mechanism checks for the
availability of security updates after or during initialization of the DUT according to ""Update Checking"".","For each update mechanism in IXIT 7-UpdMech, the TL shall assess whether the mechanism checks for the availability of security updates after or during initialization of the DUT according to ""Update Checking"".",SHALL,False,data/raw/etsi/etsi_ts_103701_v211.pdf
ETSI TS 103 701,V2.1.1,assessment,assessment_step,5.3.6A Test group 5.3-6A,5.3-6A-1 a),39,"The TL shall identify all automatic update mechanisms in IXIT 7-UpdMech by assessing whether the
mechanism supports updates without requiring any user interaction according to ""Initiation and Interaction"".","The TL shall identify all automatic update mechanisms in IXIT 7-UpdMech by assessing whether the mechanism supports updates without requiring any user interaction according to ""Initiation and Interaction"".",SHALL,False,data/raw/etsi/etsi_ts_103701_v211.pdf
ETSI TS 103 701,V2.1.1,assessment,assessment_step,5.3.6A Test group 5.3-6A,5.3-6A-1 b),39,"For each update mechanism in IXIT 7-UpdMech that provides automatic software updates, the TL shall check
whether it provides the user with the ability to:
- enable; and","For each update mechanism in IXIT 7-UpdMech that provides automatic software updates, the TL shall check whether it provides the user with the ability to: - enable; and",SHALL,False,data/raw/etsi/etsi_ts_103701_v211.pdf
ETSI TS 103 701,V2.1.1,assessment,assessment_step,5.3.6A Test group 5.3-6A,5.3-6A-2 a),40,"For each update mechanism in IXIT 7-UpdMech that provides automatic software updates (compare
identification in -1 (conceptual)) the TL shall functionally assess whether the user is provided with the ability
to:
- enable; and
- disable; and
- postpone
automatic installation of updates in the configuration of the DUT.",For each update mechanism in IXIT 7-UpdMech that provides automatic software updates (compare identification in -1 (conceptual)) the TL shall functionally assess whether the user is provided with the ability to: - enable; and - disable; and - postpone automatic installation of updates in the configuration of the DUT.,SHALL,False,data/raw/etsi/etsi_ts_103701_v211.pdf
ETSI TS 103 701,V2.1.1,assessment,assessment_step,5.3.6B Test group 5.3-6B,5.3-6B-1 a),40,"For each update mechanism in IXIT 7-UpdMech that  provides update notifications according to ""User
Notification"" the TL shall check whether it provides the user with the ability to:
- enable; and","For each update mechanism in IXIT 7-UpdMech that provides update notifications according to ""User Notification"" the TL shall check whether it provides the user with the ability to: - enable; and",SHALL,False,data/raw/etsi/etsi_ts_103701_v211.pdf
ETSI TS 103 701,V2.1.1,assessment,assessment_step,5.3.6B Test group 5.3-6B,5.3-6B-2 a),41,"For each update mechanism in IXIT 7-UpdMech that  provides update notifications according to ""User
Notification"" the TL shall functionally assess whether the user is provided with the ability to:
- enable; and
- disable
update notifications in the configuration of the DUT.","For each update mechanism in IXIT 7-UpdMech that provides update notifications according to ""User Notification"" the TL shall functionally assess whether the user is provided with the ability to: - enable; and - disable update notifications in the configuration of the DUT.",SHALL,False,data/raw/etsi/etsi_ts_103701_v211.pdf
ETSI TS 103 701,V2.1.1,assessment,assessment_step,5.3.7 Test group 5.3-7,5.3-7-1 a),42,"For each update mechanism in IXIT 7-UpdMech, the TL shall assess whether the ""Security Guarantees"" are
appropriate for the use case of secure updates, at least the protection of integrity and authenticity are required
to be fulfilled.","For each update mechanism in IXIT 7-UpdMech, the TL shall assess whether the ""Security Guarantees"" are appropriate for the use case of secure updates, at least the protection of integrity and authenticity are required to be fulfilled.",SHALL,False,data/raw/etsi/etsi_ts_103701_v211.pdf
ETSI TS 103 701,V2.1.1,assessment,assessment_step,5.3.7 Test group 5.3-7,5.3-7-1 b),42,"For each update mechanism in IXIT 7-UpdMech, the TL shall assess whether the mechanism according to
""Description"" is appropriate to achieve the ""Security Guarantees"".","For each update mechanism in IXIT 7-UpdMech, the TL shall assess whether the mechanism according to ""Description"" is appropriate to achieve the ""Security Guarantees"".",SHALL,False,data/raw/etsi/etsi_ts_103701_v211.pdf
ETSI TS 103 701,V2.1.1,assessment,assessment_step,5.3.7 Test group 5.3-7,5.3-7-1 c),42,"For each update mechanism in IXIT 7-UpdMech, the TL shall assess whether the ""Cryptographic Details"" are
considered as best practice for the use case of secure updates based on a reference catalogue. If ""Cryptographic
Details"" are not included in a reference catalogue for the corresponding use case (e.g. novel cryptography), the
SO shall provide evidences, e.g. a risk analysis, to justify the cryptography is appropriate as best practice for
the use case. In such case the TL shall assess whether the evidence is appropriate and reliable for the use case.","For each update mechanism in IXIT 7-UpdMech, the TL shall assess whether the ""Cryptographic Details"" are considered as best practice for the use case of secure updates based on a reference catalogue. If ""Cryptographic Details"" are not included in a reference catalogue for the corresponding use case (e.g. novel cryptography), the SO shall provide evidences, e.g. a risk analysis, to justify the cryptography is appropriate as best practice for the use case. In such case the TL shall assess whether the evidence is appropriate and reliable for the use case.",SHALL,False,data/raw/etsi/etsi_ts_103701_v211.pdf
ETSI TS 103 701,V2.1.1,assessment,assessment_step,5.3.7 Test group 5.3-7,5.3-7-1 d),42,"For each update mechanism in IXIT 7-UpdMech, the TL shall assess whether the ""Cryptographic Details"" are
not known to be vulnerable to a feasible attack for the desired security property on the base of the ""Security
Guarantees"" by reference to competent cryptanalytic reports.","For each update mechanism in IXIT 7-UpdMech, the TL shall assess whether the ""Cryptographic Details"" are not known to be vulnerable to a feasible attack for the desired security property on the base of the ""Security Guarantees"" by reference to competent cryptanalytic reports.",SHALL,False,data/raw/etsi/etsi_ts_103701_v211.pdf
ETSI TS 103 701,V2.1.1,assessment,assessment_step,5.3.8 Test group 5.3-8,5.3-8-1 a),43,"The TL shall assess whether the ""Description"" and the ""Time Frame"" of each security update procedure in
IXIT 8-UpdProc facilitate that security updates are deployed in a timely manner.","The TL shall assess whether the ""Description"" and the ""Time Frame"" of each security update procedure in IXIT 8-UpdProc facilitate that security updates are deployed in a timely manner.",SHALL,False,data/raw/etsi/etsi_ts_103701_v211.pdf
ETSI TS 103 701,V2.1.1,assessment,assessment_step,5.3.8 Test group 5.3-8,5.3-8-1 b),43,"The TL shall check whether ""Confirmation of Update Procedures"" in IXIT 4-Conf states a confirmation.","The TL shall check whether ""Confirmation of Update Procedures"" in IXIT 4-Conf states a confirmation.",SHALL,False,data/raw/etsi/etsi_ts_103701_v211.pdf
ETSI TS 103 701,V2.1.1,assessment,assessment_step,5.3.9 Test group 5.3-9,5.3-9-1 a),43,"For each update mechanism in IXIT 7-UpdMech, the TL shall assess whether the authenticity of software
updates in regard to its source (manufacturer) and target (DUT) is suitably verified according to ""Security
Guarantees"" and the corresponding ""Cryptographic Details"".","For each update mechanism in IXIT 7-UpdMech, the TL shall assess whether the authenticity of software updates in regard to its source (manufacturer) and target (DUT) is suitably verified according to ""Security Guarantees"" and the corresponding ""Cryptographic Details"".",SHALL,False,data/raw/etsi/etsi_ts_103701_v211.pdf
ETSI TS 103 701,V2.1.1,assessment,assessment_step,5.3.9 Test group 5.3-9,5.3-9-1 b),43,"For each update mechanism in IXIT 7-UpdMech, the TL shall assess whether the integrity of software updates
is suitably verified according to ""Security Guarantees"" and the corresponding ""Cryptographic Details"".","For each update mechanism in IXIT 7-UpdMech, the TL shall assess whether the integrity of software updates is suitably verified according to ""Security Guarantees"" and the corresponding ""Cryptographic Details"".",SHALL,False,data/raw/etsi/etsi_ts_103701_v211.pdf
ETSI TS 103 701,V2.1.1,assessment,assessment_step,5.3.9 Test group 5.3-9,5.3-9-1 c),44,"For each update mechanism in IXIT 7-UpdMech, the TL shall check whether the authenticity verification is
performed by the DUT itself according to ""Security Guarantees"".","For each update mechanism in IXIT 7-UpdMech, the TL shall check whether the authenticity verification is performed by the DUT itself according to ""Security Guarantees"".",SHALL,False,data/raw/etsi/etsi_ts_103701_v211.pdf
ETSI TS 103 701,V2.1.1,assessment,assessment_step,5.3.9 Test group 5.3-9,5.3-9-1 d),44,"For each update mechanism in IXIT 7-UpdMech, the TL shall check whether the integrity verification is
performed by the DUT itself according to ""Security Guarantees"".","For each update mechanism in IXIT 7-UpdMech, the TL shall check whether the integrity verification is performed by the DUT itself according to ""Security Guarantees"".",SHALL,False,data/raw/etsi/etsi_ts_103701_v211.pdf
ETSI TS 103 701,V2.1.1,assessment,assessment_step,5.3.10 Test group 5.3-10,5.3-10-1 a),44,The TL shall apply the test units a-b as specified in the Test case 5.3-9-1.,The TL shall apply the test units a-b as specified in the Test case 5.3-9-1.,SHALL,False,data/raw/etsi/etsi_ts_103701_v211.pdf
ETSI TS 103 701,V2.1.1,assessment,assessment_step,5.3.10 Test group 5.3-10,5.3-10-1 b),44,"For each network based update mechanism in IXIT 7-UpdMech, the TL shall assess whether the verification
of integrity and authenticity relies on a valid trust relationship according to ""Description"" and ""Security
Guarantees"". A valid trust relationship includes:
- authenticated communication channels; or
- presence on a network that requires the device to possess a critical security parameter or password to
join; or
- digital signature based verification of the update; or
- confirmation by the user; or
- a comparable secure functionality.","For each network based update mechanism in IXIT 7-UpdMech, the TL shall assess whether the verification of integrity and authenticity relies on a valid trust relationship according to ""Description"" and ""Security Guarantees"". A valid trust relationship includes: - authenticated communication channels; or - presence on a network that requires the device to possess a critical security parameter or password to join; or - digital signature based verification of the update; or - confirmation by the user; or - a comparable secure functionality.",SHALL,False,data/raw/etsi/etsi_ts_103701_v211.pdf
ETSI TS 103 701,V2.1.1,assessment,assessment_step,5.3.10 Test group 5.3-10,5.3-10-1 c),44,"The TL shall functionally assess whether update mechanisms that are not documented in IXIT 7-UpdMech are
available via a network interface on the DUT.",The TL shall functionally assess whether update mechanisms that are not documented in IXIT 7-UpdMech are available via a network interface on the DUT.,SHALL,False,data/raw/etsi/etsi_ts_103701_v211.pdf
ETSI TS 103 701,V2.1.1,assessment,assessment_step,5.3.11 Test group 5.3-11,5.3-11-1 a),45,"For each update mechanism in IXIT 7-UpdMech, the TL shall assess whether the method to inform the user
about the availability of required security updates is recognizable and apparent according to ""User
Notification"".","For each update mechanism in IXIT 7-UpdMech, the TL shall assess whether the method to inform the user about the availability of required security updates is recognizable and apparent according to ""User Notification"".",SHALL,False,data/raw/etsi/etsi_ts_103701_v211.pdf
ETSI TS 103 701,V2.1.1,assessment,assessment_step,5.3.11 Test group 5.3-11,5.3-11-1 b),45,"For each update mechanism in IXIT 7-UpdMech, the TL shall assess whether the user notification on required
security updates includes information about the risks mitigated by the update according to ""User Notification"".","For each update mechanism in IXIT 7-UpdMech, the TL shall assess whether the user notification on required security updates includes information about the risks mitigated by the update according to ""User Notification"".",SHALL,False,data/raw/etsi/etsi_ts_103701_v211.pdf
ETSI TS 103 701,V2.1.1,assessment,assessment_step,5.3.12 Test group 5.3-12,5.3-12-1 a),46,"For each update mechanism in IXIT 7-UpdMech the TL shall check whether the mechanism supports user
notification in case of disruptive software updates according to ""User Notification"".","For each update mechanism in IXIT 7-UpdMech the TL shall check whether the mechanism supports user notification in case of disruptive software updates according to ""User Notification"".",SHALL,False,data/raw/etsi/etsi_ts_103701_v211.pdf
ETSI TS 103 701,V2.1.1,assessment,assessment_step,5.3.13 Test group 5.3-13,5.3-13-1 a),46,"The TL shall assess whether access to the ""Publication of Support Period"" in IXIT 2-UserInfo is
understandable and comprehensible for a user with limited technical knowledge (see clause D.3).","The TL shall assess whether access to the ""Publication of Support Period"" in IXIT 2-UserInfo is understandable and comprehensible for a user with limited technical knowledge (see clause D.3).",SHALL,False,data/raw/etsi/etsi_ts_103701_v211.pdf
ETSI TS 103 701,V2.1.1,assessment,assessment_step,5.3.13 Test group 5.3-13,5.3-13-2 a),46,"The TL shall functionally check whether the user information on accessing the resource for publishing the
defined support period according to ""Publication of Support Period"" in IXIT 2-UserInfo is provided as
described.","The TL shall functionally check whether the user information on accessing the resource for publishing the defined support period according to ""Publication of Support Period"" in IXIT 2-UserInfo is provided as described.",SHALL,False,data/raw/etsi/etsi_ts_103701_v211.pdf
ETSI TS 103 701,V2.1.1,assessment,assessment_step,5.3.13 Test group 5.3-13,5.3-13-2 b),47,"The TL shall functionally check whether the resource for publishing the defined support period according to
""Publication of Support Period"" in IXIT 2-UserInfo is accessible without restrictions (like e.g. a registration
prior to the access).","The TL shall functionally check whether the resource for publishing the defined support period according to ""Publication of Support Period"" in IXIT 2-UserInfo is accessible without restrictions (like e.g. a registration prior to the access).",SHALL,False,data/raw/etsi/etsi_ts_103701_v211.pdf
ETSI TS 103 701,V2.1.1,assessment,assessment_step,5.3.13 Test group 5.3-13,5.3-13-2 c),47,"The TL shall functionally check whether the published support period according to ""Publication of Support
Period"" in IXIT 2-UserInfo actually defines the support period with respect to the updateable software
components as described in ""Support Period"" in IXIT 2-UserInfo.","The TL shall functionally check whether the published support period according to ""Publication of Support Period"" in IXIT 2-UserInfo actually defines the support period with respect to the updateable software components as described in ""Support Period"" in IXIT 2-UserInfo.",SHALL,False,data/raw/etsi/etsi_ts_103701_v211.pdf
ETSI TS 103 701,V2.1.1,assessment,assessment_step,5.3.14 Test group 5.3-14,5.3-14-1 a),47,"The TL shall assess whether the access to the ""Publication of Non-Updatable"" and ""Documentation of
Replacement"" in IXIT 2-UserInfo is understandable for a user with limited technical knowledge (see
clause D.3).","The TL shall assess whether the access to the ""Publication of Non-Updatable"" and ""Documentation of Replacement"" in IXIT 2-UserInfo is understandable for a user with limited technical knowledge (see clause D.3).",SHALL,False,data/raw/etsi/etsi_ts_103701_v211.pdf
ETSI TS 103 701,V2.1.1,assessment,assessment_step,5.3.14 Test group 5.3-14,5.3-14-2 a),47,"The TL shall functionally check whether the user information on accessing the resource for the rationale for
absence of updates and publishing the hardware replacement support according to ""Publication of
Non-Updatable"" and ""Documentation of Replacement"" in IXIT 2-UserInfo is provided as described.","The TL shall functionally check whether the user information on accessing the resource for the rationale for absence of updates and publishing the hardware replacement support according to ""Publication of Non-Updatable"" and ""Documentation of Replacement"" in IXIT 2-UserInfo is provided as described.",SHALL,False,data/raw/etsi/etsi_ts_103701_v211.pdf
ETSI TS 103 701,V2.1.1,assessment,assessment_step,5.3.14 Test group 5.3-14,5.3-14-2 b),48,"The TL shall functionally check whether the resource for publishing the rationale for absence of updates and
hardware replacement support according to ""Publication of Non-Updatable"" and ""Documentation of
Replacement"" in IXIT 2-UserInfo is accessible without restrictions (like e.g. a registration prior to the access).","The TL shall functionally check whether the resource for publishing the rationale for absence of updates and hardware replacement support according to ""Publication of Non-Updatable"" and ""Documentation of Replacement"" in IXIT 2-UserInfo is accessible without restrictions (like e.g. a registration prior to the access).",SHALL,False,data/raw/etsi/etsi_ts_103701_v211.pdf
ETSI TS 103 701,V2.1.1,assessment,assessment_step,5.3.14 Test group 5.3-14,5.3-14-2 c),48,"The TL shall functionally check whether the published rationale for absence of updates according to
""Publication of Non-Updatable"" in IXIT 2-UserInfo contains the rationale for the absence of software updates.","The TL shall functionally check whether the published rationale for absence of updates according to ""Publication of Non-Updatable"" in IXIT 2-UserInfo contains the rationale for the absence of software updates.",SHALL,False,data/raw/etsi/etsi_ts_103701_v211.pdf
ETSI TS 103 701,V2.1.1,assessment,assessment_step,5.3.14 Test group 5.3-14,5.3-14-2 d),48,"The TL shall functionally check whether the published hardware replacement support according to
""Documentation of Replacement"" in IXIT 2-UserInfo contains the hardware replacement plan in terms of the
period and method of hardware replacement support.","The TL shall functionally check whether the published hardware replacement support according to ""Documentation of Replacement"" in IXIT 2-UserInfo contains the hardware replacement plan in terms of the period and method of hardware replacement support.",SHALL,False,data/raw/etsi/etsi_ts_103701_v211.pdf
ETSI TS 103 701,V2.1.1,assessment,assessment_step,5.3.15A Test group 5.3-15A,5.3-15A-1 a),48,"The TL shall assess whether the described method in ""Isolation"" in IXIT 9-ReplSup is suitable to isolate the
DUT, i.e. to remove the DUT from the network it is connected to, or to place the DUT in a self-contained
environment.","The TL shall assess whether the described method in ""Isolation"" in IXIT 9-ReplSup is suitable to isolate the DUT, i.e. to remove the DUT from the network it is connected to, or to place the DUT in a self-contained environment.",SHALL,False,data/raw/etsi/etsi_ts_103701_v211.pdf
ETSI TS 103 701,V2.1.1,assessment,assessment_step,5.3.15A Test group 5.3-15A,5.3-15A-2 a),49,The TL shall set up the DUT in the intended environment.,The TL shall set up the DUT in the intended environment.,SHALL,False,data/raw/etsi/etsi_ts_103701_v211.pdf
ETSI TS 103 701,V2.1.1,assessment,assessment_step,5.3.15A Test group 5.3-15A,5.3-15A-2 b),49,"The TL shall perform the method described in ""Isolation"" in IXIT 9-ReplSup in order to isolate the DUT, i.e.
to remove the DUT from the network it is connected to, or to place the DUT in a self-contained environment,
as appropriate.","The TL shall perform the method described in ""Isolation"" in IXIT 9-ReplSup in order to isolate the DUT, i.e. to remove the DUT from the network it is connected to, or to place the DUT in a self-contained environment, as appropriate.",SHALL,False,data/raw/etsi/etsi_ts_103701_v211.pdf
ETSI TS 103 701,V2.1.1,assessment,assessment_step,5.3.15A Test group 5.3-15A,5.3-15A-2 c),49,"The TL shall functionally assess whether on the isolated DUT, in case of removing the DUT from the network
connection, any functionality loss caused is related only to that connectivity and not to the main function of the
DUT.","The TL shall functionally assess whether on the isolated DUT, in case of removing the DUT from the network connection, any functionality loss caused is related only to that connectivity and not to the main function of the DUT.",SHALL,False,data/raw/etsi/etsi_ts_103701_v211.pdf
ETSI TS 103 701,V2.1.1,assessment,assessment_step,5.3.15B Test group 5.3-15B,5.3-15B-1 a),49,"The TL shall assess whether the described method in ""Hardware Replacement"" in IXIT 9-ReplSup is suitable
to be able to replace the DUT hardware or hardware components.","The TL shall assess whether the described method in ""Hardware Replacement"" in IXIT 9-ReplSup is suitable to be able to replace the DUT hardware or hardware components.",SHALL,False,data/raw/etsi/etsi_ts_103701_v211.pdf
ETSI TS 103 701,V2.1.1,assessment,assessment_step,5.3.15B Test group 5.3-15B,5.3-15B-2 a),50,"The TL shall perform the method described in ""Hardware Replacement"" in IXIT 9-ReplSup in order to replace
the hardware in the intended environment.","The TL shall perform the method described in ""Hardware Replacement"" in IXIT 9-ReplSup in order to replace the hardware in the intended environment.",SHALL,False,data/raw/etsi/etsi_ts_103701_v211.pdf
ETSI TS 103 701,V2.1.1,assessment,assessment_step,5.3.15B Test group 5.3-15B,5.3-15B-2 b),50,"The TL shall functionally assess whether the connectivity and associated functionality can be regained on the
replacement device as described in ""Connectivity and functionality"" in IXIT 9-ReplSup.","The TL shall functionally assess whether the connectivity and associated functionality can be regained on the replacement device as described in ""Connectivity and functionality"" in IXIT 9-ReplSup.",SHALL,False,data/raw/etsi/etsi_ts_103701_v211.pdf
ETSI TS 103 701,V2.1.1,assessment,assessment_step,5.3.16 Test group 5.3-16,5.3-16-1 a),50,"The TL shall assess whether the model designation of the DUT can be obtained in a clearly recognizable way,
either by labelling on the DUT or via a user interface according to ""Model Designation"" in IXIT 2-UserInfo.","The TL shall assess whether the model designation of the DUT can be obtained in a clearly recognizable way, either by labelling on the DUT or via a user interface according to ""Model Designation"" in IXIT 2-UserInfo.",SHALL,False,data/raw/etsi/etsi_ts_103701_v211.pdf
ETSI TS 103 701,V2.1.1,assessment,assessment_step,5.3.16 Test group 5.3-16,5.3-16-2 a),50,"The TL shall functionally check whether the model designation of the DUT can be obtained applying the
described way of recognition in ""Model Designation"" in IXIT 2-UserInfo.","The TL shall functionally check whether the model designation of the DUT can be obtained applying the described way of recognition in ""Model Designation"" in IXIT 2-UserInfo.",SHALL,False,data/raw/etsi/etsi_ts_103701_v211.pdf
ETSI TS 103 701,V2.1.1,assessment,assessment_step,5.3.16 Test group 5.3-16,5.3-16-2 b),50,"The TL shall functionally assess whether the obtained model designation is available in simple text and
corresponds with the expected model designation described in ""Model Designation"" in IXIT 2-UserInfo.","The TL shall functionally assess whether the obtained model designation is available in simple text and corresponds with the expected model designation described in ""Model Designation"" in IXIT 2-UserInfo.",SHALL,False,data/raw/etsi/etsi_ts_103701_v211.pdf
ETSI TS 103 701,V2.1.1,assessment,assessment_step,5.4.1 Test group 5.4-1,5.4-1-1 a),51,"The TL shall assess whether the declaration in ""Type"" of each sensitive security parameter provided in
IXIT 10-SecParam is consistent with the ""Description"".","The TL shall assess whether the declaration in ""Type"" of each sensitive security parameter provided in IXIT 10-SecParam is consistent with the ""Description"".",SHALL,False,data/raw/etsi/etsi_ts_103701_v211.pdf
ETSI TS 103 701,V2.1.1,assessment,assessment_step,5.4.1 Test group 5.4-1,5.4-1-1 b),51,"The TL shall assess whether the ""Security Guarantees"" of each sensitive security parameter provided in
IXIT 10-SecParam matches at least the protection needs indicated by ""Type"".","The TL shall assess whether the ""Security Guarantees"" of each sensitive security parameter provided in IXIT 10-SecParam matches at least the protection needs indicated by ""Type"".",SHALL,False,data/raw/etsi/etsi_ts_103701_v211.pdf
ETSI TS 103 701,V2.1.1,assessment,assessment_step,5.4.1 Test group 5.4-1,5.4-1-1 c),51,"The TL shall assess whether the ""Protection Scheme"" of each sensitive security parameter provided in
IXIT 10-SecParam provides the claimed ""Security Guarantees"".","The TL shall assess whether the ""Protection Scheme"" of each sensitive security parameter provided in IXIT 10-SecParam provides the claimed ""Security Guarantees"".",SHALL,False,data/raw/etsi/etsi_ts_103701_v211.pdf
ETSI TS 103 701,V2.1.1,assessment,assessment_step,5.4.1 Test group 5.4-1,5.4-1-1 d),51,"The TL shall assess the completeness of the sensitive security parameters in IXIT 10-SecParam by considering
indications for sensitive security parameters in the provided information in all other IXITs.",The TL shall assess the completeness of the sensitive security parameters in IXIT 10-SecParam by considering indications for sensitive security parameters in the provided information in all other IXITs.,SHALL,False,data/raw/etsi/etsi_ts_103701_v211.pdf
ETSI TS 103 701,V2.1.1,assessment,assessment_step,5.4.1 Test group 5.4-1,5.4-1-2 a),52,"The TL shall functionally assess whether for all sensitive security parameters provided in IXIT 10-SecParam
""Protection Scheme"" is implemented according to the IXIT documentation.","The TL shall functionally assess whether for all sensitive security parameters provided in IXIT 10-SecParam ""Protection Scheme"" is implemented according to the IXIT documentation.",SHALL,False,data/raw/etsi/etsi_ts_103701_v211.pdf
ETSI TS 103 701,V2.1.1,assessment,assessment_step,5.4.2 Test group 5.4-2,5.4-2-1 a),52,"The TL shall check whether for each sensitive security parameter in IXIT 10-SecParam where the
""Description"" indicates that it is used as a hard-coded identity, a corresponding explicit statement is provided.","The TL shall check whether for each sensitive security parameter in IXIT 10-SecParam where the ""Description"" indicates that it is used as a hard-coded identity, a corresponding explicit statement is provided.",SHALL,False,data/raw/etsi/etsi_ts_103701_v211.pdf
ETSI TS 103 701,V2.1.1,assessment,assessment_step,5.4.2 Test group 5.4-2,5.4-2-1 b),53,"The TL shall assess whether for each hard-coded identity as indicated in ""Description"" in IXIT 10-SecParam
the corresponding ""Security Guarantees"" provide tamper-resistance.","The TL shall assess whether for each hard-coded identity as indicated in ""Description"" in IXIT 10-SecParam the corresponding ""Security Guarantees"" provide tamper-resistance.",SHALL,False,data/raw/etsi/etsi_ts_103701_v211.pdf
ETSI TS 103 701,V2.1.1,assessment,assessment_step,5.4.2 Test group 5.4-2,5.4-2-1 c),53,"The TL shall assess whether the ""Protection Scheme"" of each hard-coded identity as indicated in ""Description""
in IXIT 10-SecParam provides the claimed ""Security Guarantees"" with respect to tamper-resistance.","The TL shall assess whether the ""Protection Scheme"" of each hard-coded identity as indicated in ""Description"" in IXIT 10-SecParam provides the claimed ""Security Guarantees"" with respect to tamper-resistance.",SHALL,False,data/raw/etsi/etsi_ts_103701_v211.pdf
ETSI TS 103 701,V2.1.1,assessment,assessment_step,5.4.2 Test group 5.4-2,5.4-2-2 a),53,"The TL shall functionally assess whether each hard-coded identity as indicated in ""Description"" in
IXIT 10-SecParam the ""Protection Scheme"" with respect to tamper-resistance is implemented according to the
IXIT documentation.","The TL shall functionally assess whether each hard-coded identity as indicated in ""Description"" in IXIT 10-SecParam the ""Protection Scheme"" with respect to tamper-resistance is implemented according to the IXIT documentation.",SHALL,False,data/raw/etsi/etsi_ts_103701_v211.pdf
ETSI TS 103 701,V2.1.1,assessment,assessment_step,5.4.3 Test group 5.4-3,5.4-3-1 a),54,"The TL shall check whether for all critical security parameters provided in IXIT 10-SecParam where
""Provisioning Mechanism"" indicates that it is hard coded in device software source code, the fact is reflected
in ""Description"".","The TL shall check whether for all critical security parameters provided in IXIT 10-SecParam where ""Provisioning Mechanism"" indicates that it is hard coded in device software source code, the fact is reflected in ""Description"".",SHALL,False,data/raw/etsi/etsi_ts_103701_v211.pdf
ETSI TS 103 701,V2.1.1,assessment,assessment_step,5.4.3 Test group 5.4-3,5.4-3-1 b),54,"The TL shall assess whether for all critical security parameters in IXIT 10-SecParam, which are hard coded in
device software source code according to ""Description"", the corresponding ""Provisioning Mechanism"" ensures
that it is not used during the operation of the DUT.","The TL shall assess whether for all critical security parameters in IXIT 10-SecParam, which are hard coded in device software source code according to ""Description"", the corresponding ""Provisioning Mechanism"" ensures that it is not used during the operation of the DUT.",SHALL,False,data/raw/etsi/etsi_ts_103701_v211.pdf
ETSI TS 103 701,V2.1.1,assessment,assessment_step,5.4.3 Test group 5.4-3,5.4-3-2 a),54,"The TL shall functionally assess whether for all critical security parameters hard-coded in device software
source code documented in ""Description"" of IXIT 10-SecParam, the ""Provisioning Mechanism"" is indeed
applied during the operation of the DUT.","The TL shall functionally assess whether for all critical security parameters hard-coded in device software source code documented in ""Description"" of IXIT 10-SecParam, the ""Provisioning Mechanism"" is indeed applied during the operation of the DUT.",SHALL,False,data/raw/etsi/etsi_ts_103701_v211.pdf
ETSI TS 103 701,V2.1.1,assessment,assessment_step,5.4.4 Test group 5.4-4,5.4-4-1 a),55,"The TL  shall check whether all critical security parameter provided in IXIT 10-SecParam, where
""Description"" indicates that the critical security parameters are used for integrity and authenticity checks of
software updates or for protection of communication with associated services are documented as such in
""Generation Mechanism"".","The TL shall check whether all critical security parameter provided in IXIT 10-SecParam, where ""Description"" indicates that the critical security parameters are used for integrity and authenticity checks of software updates or for protection of communication with associated services are documented as such in ""Generation Mechanism"".",SHALL,False,data/raw/etsi/etsi_ts_103701_v211.pdf
ETSI TS 103 701,V2.1.1,assessment,assessment_step,5.4.4 Test group 5.4-4,5.4-4-1 b),55,"The TL shall assess for all critical security parameters provided in IXIT 10-SecParam, whether the
""Generation Mechanism"" ensures that the critical security parameter is unique per device and produced with a
mechanism that reduces the risk of automated attacks against classes of devices.","The TL shall assess for all critical security parameters provided in IXIT 10-SecParam, whether the ""Generation Mechanism"" ensures that the critical security parameter is unique per device and produced with a mechanism that reduces the risk of automated attacks against classes of devices.",SHALL,False,data/raw/etsi/etsi_ts_103701_v211.pdf
ETSI TS 103 701,V2.1.1,assessment,assessment_step,5.5.1 Test group 5.5-1,5.5-1-1 a),56,"For each secure communication mechanism in IXIT 11-SecComMech, the TL shall assess whether the
""Security Guarantees"" are appropriate for the use case of the communication.","For each secure communication mechanism in IXIT 11-SecComMech, the TL shall assess whether the ""Security Guarantees"" are appropriate for the use case of the communication.",SHALL,False,data/raw/etsi/etsi_ts_103701_v211.pdf
ETSI TS 103 701,V2.1.1,assessment,assessment_step,5.5.1 Test group 5.5-1,5.5-1-1 b),56,"For each secure communication mechanism in IXIT 11-SecComMech, the TL shall assess whether the
mechanism according to ""Description"" is appropriate to achieve the ""Security Guarantees"".","For each secure communication mechanism in IXIT 11-SecComMech, the TL shall assess whether the mechanism according to ""Description"" is appropriate to achieve the ""Security Guarantees"".",SHALL,False,data/raw/etsi/etsi_ts_103701_v211.pdf
ETSI TS 103 701,V2.1.1,assessment,assessment_step,5.5.1 Test group 5.5-1,5.5-1-1 c),56,"For each secure communication mechanism in IXIT 11-SecComMech, the TL shall assess whether the
""Cryptographic Details"" are considered as best practice cryptography for the use case of secure communication
based on a reference catalogue. If ""Cryptographic Details"" are not included in a reference catalogue for the
corresponding use case (e.g. novel cryptography), the SO shall provide evidences, e.g. a risk analysis, to
justify the cryptography is appropriate as best practice for the use case. In such case the TL shall assess
whether the evidence is appropriate and reliable for the use case.","For each secure communication mechanism in IXIT 11-SecComMech, the TL shall assess whether the ""Cryptographic Details"" are considered as best practice cryptography for the use case of secure communication based on a reference catalogue. If ""Cryptographic Details"" are not included in a reference catalogue for the corresponding use case (e.g. novel cryptography), the SO shall provide evidences, e.g. a risk analysis, to justify the cryptography is appropriate as best practice for the use case. In such case the TL shall assess whether the evidence is appropriate and reliable for the use case.",SHALL,False,data/raw/etsi/etsi_ts_103701_v211.pdf
ETSI TS 103 701,V2.1.1,assessment,assessment_step,5.5.1 Test group 5.5-1,5.5-1-1 d),57,"For each secure communication mechanism in IXIT 11-SecComMech, the TL shall assess whether the
""Cryptographic Details"" are not known to be vulnerable to a feasible attack for the desired security property on
the base of the ""Security Guarantees"" by reference to competent cryptanalytic reports.","For each secure communication mechanism in IXIT 11-SecComMech, the TL shall assess whether the ""Cryptographic Details"" are not known to be vulnerable to a feasible attack for the desired security property on the base of the ""Security Guarantees"" by reference to competent cryptanalytic reports.",SHALL,False,data/raw/etsi/etsi_ts_103701_v211.pdf
ETSI TS 103 701,V2.1.1,assessment,assessment_step,5.5.1 Test group 5.5-1,5.5-1-2 a),57,"For each secure communication mechanism in IXIT 11-SecComMech, the TL shall functionally assess
whether the described ""Cryptographic Details"" are used by the DUT.","For each secure communication mechanism in IXIT 11-SecComMech, the TL shall functionally assess whether the described ""Cryptographic Details"" are used by the DUT.",SHALL,False,data/raw/etsi/etsi_ts_103701_v211.pdf
ETSI TS 103 701,V2.1.1,assessment,assessment_step,5.5.2 Test group 5.5-2,5.5-2-1 a),58,"For each implementation in IXIT 12-NetSecImpl, the TL shall check whether it has been reviewed or
evaluated according to ""Review/Evaluation Method"".","For each implementation in IXIT 12-NetSecImpl, the TL shall check whether it has been reviewed or evaluated according to ""Review/Evaluation Method"".",SHALL,False,data/raw/etsi/etsi_ts_103701_v211.pdf
ETSI TS 103 701,V2.1.1,assessment,assessment_step,5.5.2 Test group 5.5-2,5.5-2-1 b),58,"For each review or evaluation method associated to an implementation in IXIT 12-NetSecImpl, the TL shall
assess whether the ""Review/Evaluation Method"" and its ""Report"" covers the related implementation scope as
described in ""Description"".","For each review or evaluation method associated to an implementation in IXIT 12-NetSecImpl, the TL shall assess whether the ""Review/Evaluation Method"" and its ""Report"" covers the related implementation scope as described in ""Description"".",SHALL,False,data/raw/etsi/etsi_ts_103701_v211.pdf
ETSI TS 103 701,V2.1.1,assessment,assessment_step,5.5.2 Test group 5.5-2,5.5-2-2 a),58,"For each implementation associated with a review or evaluation method in IXIT 12-NetSecImpl, the TL shall
functionally check whether the identification of the implementation (name and version) on the DUT matches
the identification of the implementation provided in the ""Report"".","For each implementation associated with a review or evaluation method in IXIT 12-NetSecImpl, the TL shall functionally check whether the identification of the implementation (name and version) on the DUT matches the identification of the implementation provided in the ""Report"".",SHALL,False,data/raw/etsi/etsi_ts_103701_v211.pdf
ETSI TS 103 701,V2.1.1,assessment,assessment_step,5.5.3 Test group 5.5-3,5.5-3-1 a),59,"For each software component in IXIT 6-SoftComp indicating ""Cryptographic Usage"", the TL shall check
whether an ""Update Mechanism"" to update the software component is referenced.","For each software component in IXIT 6-SoftComp indicating ""Cryptographic Usage"", the TL shall check whether an ""Update Mechanism"" to update the software component is referenced.",SHALL,False,data/raw/etsi/etsi_ts_103701_v211.pdf
ETSI TS 103 701,V2.1.1,assessment,assessment_step,5.5.3 Test group 5.5-3,5.5-3-1 b),59,"For each software component in IXIT 6-SoftComp indicating ""Cryptographic Usage"", the TL shall check
whether side effects of replacing those algorithms and primitives are considered by the manufacturer.","For each software component in IXIT 6-SoftComp indicating ""Cryptographic Usage"", the TL shall check whether side effects of replacing those algorithms and primitives are considered by the manufacturer.",SHALL,False,data/raw/etsi/etsi_ts_103701_v211.pdf
ETSI TS 103 701,V2.1.1,assessment,assessment_step,5.5.4 Test group 5.5-4,5.5-4-1 a),59,"For each device functionality in IXIT 13-SoftServ indicated as accessible via network interface in the
initialized state according to ""Description"", the TL shall check whether there is at least one ""Authentication
Mechanism"" referenced.","For each device functionality in IXIT 13-SoftServ indicated as accessible via network interface in the initialized state according to ""Description"", the TL shall check whether there is at least one ""Authentication Mechanism"" referenced.",SHALL,False,data/raw/etsi/etsi_ts_103701_v211.pdf
ETSI TS 103 701,V2.1.1,assessment,assessment_step,5.5.4 Test group 5.5-4,5.5-4-1 b),59,"For each ""Authentication Mechanism"" referenced in IXIT 13-SoftServ, the TL shall assess whether the
authentication mechanism described in IXIT 1-AuthMech allows to discriminate between multiple
authentication subjects and can reject authentication attempts based on invalid identities and/or authentication
factors.","For each ""Authentication Mechanism"" referenced in IXIT 13-SoftServ, the TL shall assess whether the authentication mechanism described in IXIT 1-AuthMech allows to discriminate between multiple authentication subjects and can reject authentication attempts based on invalid identities and/or authentication factors.",SHALL,False,data/raw/etsi/etsi_ts_103701_v211.pdf
ETSI TS 103 701,V2.1.1,assessment,assessment_step,5.5.4 Test group 5.5-4,5.5-4-1 c),60,"For each ""Authentication Mechanism"" referenced in IXIT 13-SoftServ, the TL shall assess whether the means
protecting the authentication mechanism in ""Cryptographic Details"" in IXIT 1-AuthMech provide the
""Security Guarantees"" identified for the mechanism and are resistant to attempts at compromising the
mechanism.","For each ""Authentication Mechanism"" referenced in IXIT 13-SoftServ, the TL shall assess whether the means protecting the authentication mechanism in ""Cryptographic Details"" in IXIT 1-AuthMech provide the ""Security Guarantees"" identified for the mechanism and are resistant to attempts at compromising the mechanism.",SHALL,False,data/raw/etsi/etsi_ts_103701_v211.pdf
ETSI TS 103 701,V2.1.1,assessment,assessment_step,5.5.4 Test group 5.5-4,5.5-4-1 d),60,"For each ""Authentication Mechanism"" referenced in IXIT 13-SoftServ, the TL shall assess whether the
authorization process described in ""Description"" in IXIT 1-AuthMech allows authenticated subjects with
proper access rights to be granted access and denies authenticated subjects with inadequate access rights or
unauthenticated subjects to be granted access.","For each ""Authentication Mechanism"" referenced in IXIT 13-SoftServ, the TL shall assess whether the authorization process described in ""Description"" in IXIT 1-AuthMech allows authenticated subjects with proper access rights to be granted access and denies authenticated subjects with inadequate access rights or unauthenticated subjects to be granted access.",SHALL,False,data/raw/etsi/etsi_ts_103701_v211.pdf
ETSI TS 103 701,V2.1.1,assessment,assessment_step,5.5.4 Test group 5.5-4,5.5-4-2 a),60,"For each ""Authentication Mechanism"" referenced in IXIT 13-SoftServ, the TL shall functionally assess
whether an unauthenticated subject and a subject with invalid identity or credentials and an authenticated
subject without appropriate access rights cannot access the device functionality in the initialized state.","For each ""Authentication Mechanism"" referenced in IXIT 13-SoftServ, the TL shall functionally assess whether an unauthenticated subject and a subject with invalid identity or credentials and an authenticated subject without appropriate access rights cannot access the device functionality in the initialized state.",SHALL,False,data/raw/etsi/etsi_ts_103701_v211.pdf
ETSI TS 103 701,V2.1.1,assessment,assessment_step,5.5.4 Test group 5.5-4,5.5-4-2 b),60,"For each ""Authentication Mechanism"" referenced in IXIT 13-SoftServ, the TL shall functionally assess
whether an authenticated subject with appropriate access rights can access the device functionality in the
initialized state.","For each ""Authentication Mechanism"" referenced in IXIT 13-SoftServ, the TL shall functionally assess whether an authenticated subject with appropriate access rights can access the device functionality in the initialized state.",SHALL,False,data/raw/etsi/etsi_ts_103701_v211.pdf
ETSI TS 103 701,V2.1.1,assessment,assessment_step,5.5.4 Test group 5.5-4,5.5-4-2 c),60,"For each ""Authentication Mechanism"" referenced in IXIT 13-SoftServ, the TL shall functionally assess
whether the protection of the authentication mechanism conforms to the description in ""Security Guarantees""
and ""Cryptographic Details"" in IXIT 1-AuthMech.","For each ""Authentication Mechanism"" referenced in IXIT 13-SoftServ, the TL shall functionally assess whether the protection of the authentication mechanism conforms to the description in ""Security Guarantees"" and ""Cryptographic Details"" in IXIT 1-AuthMech.",SHALL,False,data/raw/etsi/etsi_ts_103701_v211.pdf
ETSI TS 103 701,V2.1.1,assessment,assessment_step,5.5.5 Test group 5.5-5,5.5-5-1 a),61,"The TL shall apply all test units as specified in the Test case 5.5-4-1 for all states of the DUT with restriction
to the functionalities that allow security-relevant changes according to ""Allows Configuration"" in
IXIT 13-SoftServ. Network service protocols that are relied upon by the DUT and where the manufacturer
cannot guarantee what configuration will be required for the DUT to operate are excluded.","The TL shall apply all test units as specified in the Test case 5.5-4-1 for all states of the DUT with restriction to the functionalities that allow security-relevant changes according to ""Allows Configuration"" in IXIT 13-SoftServ. Network service protocols that are relied upon by the DUT and where the manufacturer cannot guarantee what configuration will be required for the DUT to operate are excluded.",SHALL,False,data/raw/etsi/etsi_ts_103701_v211.pdf
ETSI TS 103 701,V2.1.1,assessment,assessment_step,5.5.5 Test group 5.5-5,5.5-5-2 a),62,"The TL shall apply all test units as specified in the Test case 5.5-4-2 for all states of the DUT with restriction
to the functionalities that allow security-relevant changes according to ""Allows Configuration"" in
IXIT 13-SoftServ. Network service protocols that are relied upon by the DUT and where the manufacturer
cannot guarantee what configuration will be required for the DUT to operate are excluded.","The TL shall apply all test units as specified in the Test case 5.5-4-2 for all states of the DUT with restriction to the functionalities that allow security-relevant changes according to ""Allows Configuration"" in IXIT 13-SoftServ. Network service protocols that are relied upon by the DUT and where the manufacturer cannot guarantee what configuration will be required for the DUT to operate are excluded.",SHALL,False,data/raw/etsi/etsi_ts_103701_v211.pdf
ETSI TS 103 701,V2.1.1,assessment,assessment_step,5.5.5 Test group 5.5-5,5.5-5-2 b),62,"The TL shall functionally assess whether logical interfaces that are not documented in IXIT 28-LogIntf are
available via a network interface on the DUT.",The TL shall functionally assess whether logical interfaces that are not documented in IXIT 28-LogIntf are available via a network interface on the DUT.,SHALL,False,data/raw/etsi/etsi_ts_103701_v211.pdf
ETSI TS 103 701,V2.1.1,assessment,assessment_step,5.5.6 Test group 5.5-6,5.5-6-1 a),62,"For all ""Secure Communication Mechanisms"" in IXIT 11-SecComMech referenced in any critical security
parameter in IXIT 10-SecParam, the TL shall apply all test units as specified in the Test case 5.5-1-1 with
restriction, that at least the security guarantee of confidentiality is required to be fulfilled.","For all ""Secure Communication Mechanisms"" in IXIT 11-SecComMech referenced in any critical security parameter in IXIT 10-SecParam, the TL shall apply all test units as specified in the Test case 5.5-1-1 with restriction, that at least the security guarantee of confidentiality is required to be fulfilled.",SHALL,False,data/raw/etsi/etsi_ts_103701_v211.pdf
ETSI TS 103 701,V2.1.1,assessment,assessment_step,5.5.6 Test group 5.5-6,5.5-6-2 a),63,"For all ""Secure Communication Mechanisms"" in IXIT 11-SecComMech referenced in any critical security
parameter in IXIT 10-SecParam, the TL shall apply all test units as specified in the Test case 5.5-1-2.","For all ""Secure Communication Mechanisms"" in IXIT 11-SecComMech referenced in any critical security parameter in IXIT 10-SecParam, the TL shall apply all test units as specified in the Test case 5.5-1-2.",SHALL,False,data/raw/etsi/etsi_ts_103701_v211.pdf
ETSI TS 103 701,V2.1.1,assessment,assessment_step,5.5.7 Test group 5.5-7,5.5-7-1 a),63,"For all ""Secure Communication Mechanisms"", that ar e remotely accessible according to their ""Interface"" in
IXIT 11-SecComMech referenced in any critical security parameter in IXIT 10-SecParam, the TL shall apply
all test units as specified in the Test case 5.5-1-1 with restriction, that at least the security guarantee of
confidentiality is required to be fulfilled.","For all ""Secure Communication Mechanisms"", that ar e remotely accessible according to their ""Interface"" in IXIT 11-SecComMech referenced in any critical security parameter in IXIT 10-SecParam, the TL shall apply all test units as specified in the Test case 5.5-1-1 with restriction, that at least the security guarantee of confidentiality is required to be fulfilled.",SHALL,False,data/raw/etsi/etsi_ts_103701_v211.pdf
ETSI TS 103 701,V2.1.1,assessment,assessment_step,5.5.7 Test group 5.5-7,5.5-7-2 a),64,"For all ""Secure Communication Mechanisms"", that ar e remotely accessible according to their ""Interface"" in
IXIT 11-SecComMech referenced in any critical security parameter in IXIT 10-SecParam, the TL shall apply
all test units as specified in the Test case 5.5-1-2.","For all ""Secure Communication Mechanisms"", that ar e remotely accessible according to their ""Interface"" in IXIT 11-SecComMech referenced in any critical security parameter in IXIT 10-SecParam, the TL shall apply all test units as specified in the Test case 5.5-1-2.",SHALL,False,data/raw/etsi/etsi_ts_103701_v211.pdf
ETSI TS 103 701,V2.1.1,assessment,assessment_step,5.5.8 Test group 5.5-8,5.5-8-1 a),64,"The TL shall assess whether the secure management of critical security parameters covers the entire life cycle
of a critical security parameter considering its:
- generation; and
- provisioning; and
- storage; and
- updates; and
- decommissioning, archival, and destruction; and
- processes to handle the expiration and compromise","The TL shall assess whether the secure management of critical security parameters covers the entire life cycle of a critical security parameter considering its: - generation; and - provisioning; and - storage; and - updates; and - decommissioning, archival, and destruction; and - processes to handle the expiration and compromise",SHALL,False,data/raw/etsi/etsi_ts_103701_v211.pdf
ETSI TS 103 701,V2.1.1,assessment,assessment_step,5.5.8 Test group 5.5-8,5.5-8-1 b),65,"The TL shall check whether ""Confirmation of Secure Management"" in IXIT 4-Conf states a confirmation.","The TL shall check whether ""Confirmation of Secure Management"" in IXIT 4-Conf states a confirmation.",SHALL,False,data/raw/etsi/etsi_ts_103701_v211.pdf
ETSI TS 103 701,V2.1.1,assessment,assessment_step,5.6.1 Test group 5.6-1,5.6-1-1 a),65,"For each physical interface in IXIT 15-PhyIntf that is a network interface according to ""Type"" and is described
as enabled according to ""Status"", the TL shall assess whether the purpose of the interface in ""Description""
provides a valid justification for being enabled.","For each physical interface in IXIT 15-PhyIntf that is a network interface according to ""Type"" and is described as enabled according to ""Status"", the TL shall assess whether the purpose of the interface in ""Description"" provides a valid justification for being enabled.",SHALL,False,data/raw/etsi/etsi_ts_103701_v211.pdf
ETSI TS 103 701,V2.1.1,assessment,assessment_step,5.6.1 Test group 5.6-1,5.6-1-1 b),65,"For each logical interface in IXIT 28-LogIntf that is described as accessible through a network interface
according to ""Access"" and enabled according to ""Status"", the TL shall assess whether the purpose of the
interface in ""Description"" provides a valid justification for being enabled.","For each logical interface in IXIT 28-LogIntf that is described as accessible through a network interface according to ""Access"" and enabled according to ""Status"", the TL shall assess whether the purpose of the interface in ""Description"" provides a valid justification for being enabled.",SHALL,False,data/raw/etsi/etsi_ts_103701_v211.pdf
ETSI TS 103 701,V2.1.1,assessment,assessment_step,5.6.1 Test group 5.6-1,5.6-1-2 a),66,"For each network interface in IXIT 15-PhyIntf and network accessible logical interface in IXIT 28-LogIntf, the
TL shall functionally check whether the status of the interface matches the ""Status"" in the IXIT
documentation.","For each network interface in IXIT 15-PhyIntf and network accessible logical interface in IXIT 28-LogIntf, the TL shall functionally check whether the status of the interface matches the ""Status"" in the IXIT documentation.",SHALL,False,data/raw/etsi/etsi_ts_103701_v211.pdf
ETSI TS 103 701,V2.1.1,assessment,assessment_step,5.6.1 Test group 5.6-1,5.6-1-2 b),66,"The TL shall functionally assess whether network interfaces that are not documented in IXIT 15-PhyIntf are
present on the DUT.",The TL shall functionally assess whether network interfaces that are not documented in IXIT 15-PhyIntf are present on the DUT.,SHALL,False,data/raw/etsi/etsi_ts_103701_v211.pdf
ETSI TS 103 701,V2.1.1,assessment,assessment_step,5.6.1 Test group 5.6-1,5.6-1-2 c),66,"The TL shall functionally assess whether logical interfaces that are not documented in IXIT 28-LogIntf are
accessible via a network interface on the DUT.",The TL shall functionally assess whether logical interfaces that are not documented in IXIT 28-LogIntf are accessible via a network interface on the DUT.,SHALL,False,data/raw/etsi/etsi_ts_103701_v211.pdf
ETSI TS 103 701,V2.1.1,assessment,assessment_step,5.6.2 Test group 5.6-2,5.6-2-1 a),67,"For each logical interface in IXIT 28-LogIntf that is described as accessible through a network interface
according to ""Access"", the TL shall assess whether the ""Disclosed Information"" disclosed by the interface
without authentication in the initialized state and indicated as not security-relevant, is however security-
relevant.","For each logical interface in IXIT 28-LogIntf that is described as accessible through a network interface according to ""Access"", the TL shall assess whether the ""Disclosed Information"" disclosed by the interface without authentication in the initialized state and indicated as not security-relevant, is however security- relevant.",SHALL,False,data/raw/etsi/etsi_ts_103701_v211.pdf
ETSI TS 103 701,V2.1.1,assessment,assessment_step,5.6.2 Test group 5.6-2,5.6-2-1 b),67,"For each logical interface in IXIT 28-LogIntf that is described as accessible through a network interface
according to ""Access"", the TL shall assess whether the ""Disclosed Information"" disclosed by the interface
without authentication in the initialized state and indicated as security-relevant, is necessary for the operation
of the DUT.","For each logical interface in IXIT 28-LogIntf that is described as accessible through a network interface according to ""Access"", the TL shall assess whether the ""Disclosed Information"" disclosed by the interface without authentication in the initialized state and indicated as security-relevant, is necessary for the operation of the DUT.",SHALL,False,data/raw/etsi/etsi_ts_103701_v211.pdf
ETSI TS 103 701,V2.1.1,assessment,assessment_step,5.6.2 Test group 5.6-2,5.6-2-2 a),67,"For each network accessible logical interface in IXIT 28-LogIntf, the TL shall functionally assess whether
security-relevant information can be observed from the interface without authentication in the initialized state,
that is not described in ""Disclosed Information"".","For each network accessible logical interface in IXIT 28-LogIntf, the TL shall functionally assess whether security-relevant information can be observed from the interface without authentication in the initialized state, that is not described in ""Disclosed Information"".",SHALL,False,data/raw/etsi/etsi_ts_103701_v211.pdf
ETSI TS 103 701,V2.1.1,assessment,assessment_step,5.6.3 Test group 5.6-3,5.6-3-1 a),68,"For each physical interface in IXIT 15-PhyIntf that does not require exposure according to ""Description"", the
TL shall assess whether the protection means of the interface in ""Protection"" include protection by the device
casing or similar measures.","For each physical interface in IXIT 15-PhyIntf that does not require exposure according to ""Description"", the TL shall assess whether the protection means of the interface in ""Protection"" include protection by the device casing or similar measures.",SHALL,False,data/raw/etsi/etsi_ts_103701_v211.pdf
ETSI TS 103 701,V2.1.1,assessment,assessment_step,5.6.3 Test group 5.6-3,5.6-3-1 b),68,"For each physical interface in IXIT 15-PhyIntf that does not require exposure according to ""Description"", the
TL shall check whether the interface is disabled according to ""Status"".","For each physical interface in IXIT 15-PhyIntf that does not require exposure according to ""Description"", the TL shall check whether the interface is disabled according to ""Status"".",SHALL,False,data/raw/etsi/etsi_ts_103701_v211.pdf
ETSI TS 103 701,V2.1.1,assessment,assessment_step,5.6.3 Test group 5.6-3,5.6-3-2 a),68,"For each physical interface identified on the DUT the TL shall functionally check whether exposed physical
interfaces on the DUT are contained in IXIT 15-PhyIntf and described as required or intermittently required in
""Description"".","For each physical interface identified on the DUT the TL shall functionally check whether exposed physical interfaces on the DUT are contained in IXIT 15-PhyIntf and described as required or intermittently required in ""Description"".",SHALL,False,data/raw/etsi/etsi_ts_103701_v211.pdf
ETSI TS 103 701,V2.1.1,assessment,assessment_step,5.6.3 Test group 5.6-3,5.6-3-2 b),68,"For each physical interface identified on the DUT th at does not require exposure according to ""Description""
the TL shall functionally assess whether physical interfaces on the DUT are protected by device casing or
similar measures.","For each physical interface identified on the DUT th at does not require exposure according to ""Description"" the TL shall functionally assess whether physical interfaces on the DUT are protected by device casing or similar measures.",SHALL,False,data/raw/etsi/etsi_ts_103701_v211.pdf
ETSI TS 103 701,V2.1.1,assessment,assessment_step,5.6.3 Test group 5.6-3,5.6-3-2 c),68,"For each physical interface identified on the DUT the TL shall functionally check whether it is enabled or
disabled as indicated in ""Status"" in IXIT 15-PhyIntf.","For each physical interface identified on the DUT the TL shall functionally check whether it is enabled or disabled as indicated in ""Status"" in IXIT 15-PhyIntf.",SHALL,False,data/raw/etsi/etsi_ts_103701_v211.pdf
ETSI TS 103 701,V2.1.1,assessment,assessment_step,5.6.4A Test group 5.6-4A,5.6-4A-1 a),69,"For each physical interface in IXIT 15-PhyIntf that is described as a debug interface according to ""Debug
Interface"", the TL shall assess whether the protection means for the interface in ""Protection"" include a best
practice authentication or access control mechanism.","For each physical interface in IXIT 15-PhyIntf that is described as a debug interface according to ""Debug Interface"", the TL shall assess whether the protection means for the interface in ""Protection"" include a best practice authentication or access control mechanism.",SHALL,False,data/raw/etsi/etsi_ts_103701_v211.pdf
ETSI TS 103 701,V2.1.1,assessment,assessment_step,5.6.4A Test group 5.6-4A,5.6-4A-1 b),69,"For each physical interface in IXIT 15-PhyIntf that is described as a debug interface according to ""Debug
Interface"", the TL shall assess whether the protection means for the interface in ""Protection"" include a
mechanism to disable the interface.","For each physical interface in IXIT 15-PhyIntf that is described as a debug interface according to ""Debug Interface"", the TL shall assess whether the protection means for the interface in ""Protection"" include a mechanism to disable the interface.",SHALL,False,data/raw/etsi/etsi_ts_103701_v211.pdf
ETSI TS 103 701,V2.1.1,assessment,assessment_step,5.6.4A Test group 5.6-4A,5.6-4A-1 c),69,"For each physical interface in IXIT 15-PhyIntf that is de scribed as a debug interface, that is not indicated as
intermittently required according to ""Description"", the TL shall check whether the interface is disabled
permanently according to ""Status"".","For each physical interface in IXIT 15-PhyIntf that is de scribed as a debug interface, that is not indicated as intermittently required according to ""Description"", the TL shall check whether the interface is disabled permanently according to ""Status"".",SHALL,False,data/raw/etsi/etsi_ts_103701_v211.pdf
ETSI TS 103 701,V2.1.1,assessment,assessment_step,5.6.4A Test group 5.6-4A,5.6-4A-1 d),69,"For each physical interface in IXIT 15-PhyIntf that is described as a debug interface, that is indicated as
intermittently required according to ""Description"", the TL shall check whether the interface is disabled by
default according to ""Status"".","For each physical interface in IXIT 15-PhyIntf that is described as a debug interface, that is indicated as intermittently required according to ""Description"", the TL shall check whether the interface is disabled by default according to ""Status"".",SHALL,False,data/raw/etsi/etsi_ts_103701_v211.pdf
ETSI TS 103 701,V2.1.1,assessment,assessment_step,5.6.4A Test group 5.6-4A,5.6-4A-2 a),70,"For each physical interface on the DUT indicated as ""Debug Interface"" in IXIT 15-PhyIntf, the TL shall
functionally check whether the interface is disabled or protected via a best practice authentication or access
control mechanism.","For each physical interface on the DUT indicated as ""Debug Interface"" in IXIT 15-PhyIntf, the TL shall functionally check whether the interface is disabled or protected via a best practice authentication or access control mechanism.",SHALL,False,data/raw/etsi/etsi_ts_103701_v211.pdf
ETSI TS 103 701,V2.1.1,assessment,assessment_step,5.6.4A Test group 5.6-4A,5.6-4A-2 b),70,"For each physical interface on the DUT the TL shall functionally assess whether the interface can be used for
debugging purposes although it is not indicated as ""Debug Interface"" in IXIT 15-PhyIntf.","For each physical interface on the DUT the TL shall functionally assess whether the interface can be used for debugging purposes although it is not indicated as ""Debug Interface"" in IXIT 15-PhyIntf.",SHALL,False,data/raw/etsi/etsi_ts_103701_v211.pdf
ETSI TS 103 701,V2.1.1,assessment,assessment_step,5.6.4B Test group 5.6-4B,5.6-4B-1 a),70,"For each physical interface in IXIT 15-PhyIntf that is  described as an accessible debug interface according to
""Debug Interface"" and a physical port according to ""Type"", the TL shall assess whether the protection means
for the interface in ""Protection"" include physical protection by the DUT.","For each physical interface in IXIT 15-PhyIntf that is described as an accessible debug interface according to ""Debug Interface"" and a physical port according to ""Type"", the TL shall assess whether the protection means for the interface in ""Protection"" include physical protection by the DUT.",SHALL,False,data/raw/etsi/etsi_ts_103701_v211.pdf
ETSI TS 103 701,V2.1.1,assessment,assessment_step,5.6.4B Test group 5.6-4B,5.6-4B-2 a),71,"For each physical interface on the DUT that is a physical port and is indicated as ""Debug Interface"" in
IXIT 15-PhyIntf, the TL shall functionally check whether the interface is physically protected by the DUT.","For each physical interface on the DUT that is a physical port and is indicated as ""Debug Interface"" in IXIT 15-PhyIntf, the TL shall functionally check whether the interface is physically protected by the DUT.",SHALL,False,data/raw/etsi/etsi_ts_103701_v211.pdf
ETSI TS 103 701,V2.1.1,assessment,assessment_step,5.6.5 Test group 5.6-5,5.6-5-1 a),71,"For each software service in IXIT 13-SoftServ that  is enabled by default according to ""Status"", the TL shall
assess whether the service is necessary for the intended use or operation of the DUT according to the purpose
in ""Description"" and the ""Justification"" for enabling the service.","For each software service in IXIT 13-SoftServ that is enabled by default according to ""Status"", the TL shall assess whether the service is necessary for the intended use or operation of the DUT according to the purpose in ""Description"" and the ""Justification"" for enabling the service.",SHALL,False,data/raw/etsi/etsi_ts_103701_v211.pdf
ETSI TS 103 701,V2.1.1,assessment,assessment_step,5.6.6 Test group 5.6-6,5.6-6-1 a),72,"The TL shall assess whether the code minimization techniques in IXIT 16-CodeMin are appropriate for
reducing code to the necessary functionality.",The TL shall assess whether the code minimization techniques in IXIT 16-CodeMin are appropriate for reducing code to the necessary functionality.,SHALL,False,data/raw/etsi/etsi_ts_103701_v211.pdf
ETSI TS 103 701,V2.1.1,assessment,assessment_step,5.6.7 Test group 5.6-7,5.6-7-1 a),72,"The TL shall assess whether all mechanisms to control privileges of software on the DUT in IXIT 17-PrivlCtrl
together facilitate the principles of separation of duty, need to know and minimization of privilege.","The TL shall assess whether all mechanisms to control privileges of software on the DUT in IXIT 17-PrivlCtrl together facilitate the principles of separation of duty, need to know and minimization of privilege.",SHALL,False,data/raw/etsi/etsi_ts_103701_v211.pdf
ETSI TS 103 701,V2.1.1,assessment,assessment_step,5.6.8 Test group 5.6-8,5.6-8-1 a),73,"For each hardware-level access control mechanism for memory in IXIT 18-AccCtrl, the TL shall assess
whether the mechanism is implemented at the level of the hardware.","For each hardware-level access control mechanism for memory in IXIT 18-AccCtrl, the TL shall assess whether the mechanism is implemented at the level of the hardware.",SHALL,False,data/raw/etsi/etsi_ts_103701_v211.pdf
ETSI TS 103 701,V2.1.1,assessment,assessment_step,5.6.8 Test group 5.6-8,5.6-8-1 b),73,"For each hardware-level access control mechanism for memory in IXIT 18-AccCtrl, the TL shall assess
whether the mechanism allows to control access to memory.","For each hardware-level access control mechanism for memory in IXIT 18-AccCtrl, the TL shall assess whether the mechanism allows to control access to memory.",SHALL,False,data/raw/etsi/etsi_ts_103701_v211.pdf
ETSI TS 103 701,V2.1.1,assessment,assessment_step,5.6.9 Test group 5.6-9,5.6-9-1 a),73,"The TL shall assess whether the secure development of software covers:
- security training of developers; and
- the requirement and design phases of the software; and",The TL shall assess whether the secure development of software covers: - security training of developers; and - the requirement and design phases of the software; and,SHALL,False,data/raw/etsi/etsi_ts_103701_v211.pdf
ETSI TS 103 701,V2.1.1,assessment,assessment_step,5.6.9 Test group 5.6-9,5.6-9-1 b),74,"The TL shall check whether ""Confirmation of Secure Development"" in IXIT 4-Conf states a confirmation.","The TL shall check whether ""Confirmation of Secure Development"" in IXIT 4-Conf states a confirmation.",SHALL,False,data/raw/etsi/etsi_ts_103701_v211.pdf
ETSI TS 103 701,V2.1.1,assessment,assessment_step,5.7.1 Test group 5.7-1,5.7-1-1 a),75,"The TL  shall assess whether the ""Security Guarantees"" of each secure boot mechanism in IXIT 20-SecBoot
provide verification of integrity and authenticity of device software.","The TL shall assess whether the ""Security Guarantees"" of each secure boot mechanism in IXIT 20-SecBoot provide verification of integrity and authenticity of device software.",SHALL,False,data/raw/etsi/etsi_ts_103701_v211.pdf
ETSI TS 103 701,V2.1.1,assessment,assessment_step,5.7.1 Test group 5.7-1,5.7-1-1 b),75,"The TL shall assess whether for each secure boot mechanism in IXIT 20-SecBoot the ""Description"" and
corresponding ""Detection Mechanisms"" are suitable to provide the ""Security Guarantees"" it is used.","The TL shall assess whether for each secure boot mechanism in IXIT 20-SecBoot the ""Description"" and corresponding ""Detection Mechanisms"" are suitable to provide the ""Security Guarantees"" it is used.",SHALL,False,data/raw/etsi/etsi_ts_103701_v211.pdf
ETSI TS 103 701,V2.1.1,assessment,assessment_step,5.7.1 Test group 5.7-1,5.7-1-2 a),75,"The TL shall functionally assess whether the verification of the device software is implemented according to
the information in IXIT 20-SecBoot.",The TL shall functionally assess whether the verification of the device software is implemented according to the information in IXIT 20-SecBoot.,SHALL,False,data/raw/etsi/etsi_ts_103701_v211.pdf
ETSI TS 103 701,V2.1.1,assessment,assessment_step,5.7.2 Test group 5.7-2,5.7-2-1 a),76,"The TL shall assess whether the method for ""User Notification"" including its contained information is
sufficient to inform the user and/or administrator about unauthorized changes in device software.","The TL shall assess whether the method for ""User Notification"" including its contained information is sufficient to inform the user and/or administrator about unauthorized changes in device software.",SHALL,False,data/raw/etsi/etsi_ts_103701_v211.pdf
ETSI TS 103 701,V2.1.1,assessment,assessment_step,5.7.2 Test group 5.7-2,5.7-2-1 b),76,"The TL shall assess whether every ""Notification Functionality"" in IXIT 20-SecBoot is necessary for the
described method of ""User Notification"".","The TL shall assess whether every ""Notification Functionality"" in IXIT 20-SecBoot is necessary for the described method of ""User Notification"".",SHALL,False,data/raw/etsi/etsi_ts_103701_v211.pdf
ETSI TS 103 701,V2.1.1,assessment,assessment_step,5.7.2 Test group 5.7-2,5.7-2-2 a),76,"The TL shall functionally assess whether alerting takes place as described in ""User Notification"" in
IXIT 20-SecBoot after the detection of an unauthorized change in device software.","The TL shall functionally assess whether alerting takes place as described in ""User Notification"" in IXIT 20-SecBoot after the detection of an unauthorized change in device software.",SHALL,False,data/raw/etsi/etsi_ts_103701_v211.pdf
ETSI TS 103 701,V2.1.1,assessment,assessment_step,5.7.2 Test group 5.7-2,5.7-2-2 b),76,"The TL shall functionally assess whether the communication capabilities of the DUT to wider networks are
restricted to the ones described in ""Notification Functionality"" in IXIT 20-SecBoot after the detection of an
unauthorized change in device software.","The TL shall functionally assess whether the communication capabilities of the DUT to wider networks are restricted to the ones described in ""Notification Functionality"" in IXIT 20-SecBoot after the detection of an unauthorized change in device software.",SHALL,False,data/raw/etsi/etsi_ts_103701_v211.pdf
ETSI TS 103 701,V2.1.1,assessment,assessment_step,5.8.1 Test group 5.8-1,5.8-1-1 a),77,"For all ""Secure Communication Mechanisms"" in IXIT 11-SecComMech referenced in any personal data in
IXIT 21-PersData, the TL shall apply all test units as specified in the Test case 5.5-1-1 with restriction, that at
least the security guarantee of confidentiality is required to be fulfilled.","For all ""Secure Communication Mechanisms"" in IXIT 11-SecComMech referenced in any personal data in IXIT 21-PersData, the TL shall apply all test units as specified in the Test case 5.5-1-1 with restriction, that at least the security guarantee of confidentiality is required to be fulfilled.",SHALL,False,data/raw/etsi/etsi_ts_103701_v211.pdf
ETSI TS 103 701,V2.1.1,assessment,assessment_step,5.8.1 Test group 5.8-1,5.8-1-2 a),77,"For all ""Secure Communication Mechanisms"" in IXIT 11-SecComMech referenced in any personal data in
IXIT 21-PersData, the TL shall apply all test units as specified in the Test case 5.5-1-2.","For all ""Secure Communication Mechanisms"" in IXIT 11-SecComMech referenced in any personal data in IXIT 21-PersData, the TL shall apply all test units as specified in the Test case 5.5-1-2.",SHALL,False,data/raw/etsi/etsi_ts_103701_v211.pdf
ETSI TS 103 701,V2.1.1,assessment,assessment_step,5.8.2 Test group 5.8-2,5.8-2-1 a),78,"For all ""Secure Communication Mechanisms"" in IXIT 11-SecComMech referenced in any sensitive personal
data in IXIT 21-PersData according to ""Sensitive"", where the communication partner is an associated service,
the TL shall apply all test units as specified in the Test case 5.5-1-1 with restriction, that at least the security
guarantee of confidentiality is required to be fulfilled.","For all ""Secure Communication Mechanisms"" in IXIT 11-SecComMech referenced in any sensitive personal data in IXIT 21-PersData according to ""Sensitive"", where the communication partner is an associated service, the TL shall apply all test units as specified in the Test case 5.5-1-1 with restriction, that at least the security guarantee of confidentiality is required to be fulfilled.",SHALL,False,data/raw/etsi/etsi_ts_103701_v211.pdf
ETSI TS 103 701,V2.1.1,assessment,assessment_step,5.8.2 Test group 5.8-2,5.8-2-2 a),79,"For all ""Secure Communication Mechanisms"" in IXIT 11-SecComMech referenced in any sensitive personal
data in IXIT 21-PersData according to ""Sensitive"", where the communication partner is an associated service,
the TL shall apply all test units as specified in the Test case 5.5-1-2.","For all ""Secure Communication Mechanisms"" in IXIT 11-SecComMech referenced in any sensitive personal data in IXIT 21-PersData according to ""Sensitive"", where the communication partner is an associated service, the TL shall apply all test units as specified in the Test case 5.5-1-2.",SHALL,False,data/raw/etsi/etsi_ts_103701_v211.pdf
ETSI TS 103 701,V2.1.1,assessment,assessment_step,5.8.3 Test group 5.8-3,5.8-3-1 a),79,"The TL shall functionally check whether the documentation of external sensing capabilities is accessible as
documented in ""Documentation of Sensors"" in IXIT 2-UserInfo.","The TL shall functionally check whether the documentation of external sensing capabilities is accessible as documented in ""Documentation of Sensors"" in IXIT 2-UserInfo.",SHALL,False,data/raw/etsi/etsi_ts_103701_v211.pdf
ETSI TS 103 701,V2.1.1,assessment,assessment_step,5.8.3 Test group 5.8-3,5.8-3-1 b),79,"The TL shall functionally assess whether the documentation of external sensing capabilities as documented in
""Documentation of Sensors"" in IXIT 2-UserInfo is understandable for a user with limited technical knowledge
(see clause D.3).","The TL shall functionally assess whether the documentation of external sensing capabilities as documented in ""Documentation of Sensors"" in IXIT 2-UserInfo is understandable for a user with limited technical knowledge (see clause D.3).",SHALL,False,data/raw/etsi/etsi_ts_103701_v211.pdf
ETSI TS 103 701,V2.1.1,assessment,assessment_step,5.8.3 Test group 5.8-3,5.8-3-1 c),79,"The TL shall functionally assess whether all obvious sensing capabilities of the DUT are documented in
IXIT 22-ExtSens.",The TL shall functionally assess whether all obvious sensing capabilities of the DUT are documented in IXIT 22-ExtSens.,SHALL,False,data/raw/etsi/etsi_ts_103701_v211.pdf
ETSI TS 103 701,V2.1.1,assessment,assessment_step,5.9 TSO 5.9: Make systems resilient to outages,5.9-1-1 a),80,"The TL shall assess whether the combination of the resilience mechanisms in IXIT 23-ResMech are
appropriate to protect against network connectivity and power outages according to the ""Security Guarantees"".","The TL shall assess whether the combination of the resilience mechanisms in IXIT 23-ResMech are appropriate to protect against network connectivity and power outages according to the ""Security Guarantees"".",SHALL,False,data/raw/etsi/etsi_ts_103701_v211.pdf
ETSI TS 103 701,V2.1.1,assessment,assessment_step,5.9 TSO 5.9: Make systems resilient to outages,5.9-1-1 b),80,"For each resilience mechanism in IXIT 23-ResMech the TL shall assess whether the mechanism according to
the ""Description"" is appropriate to achieve the ""Security Guarantees"".","For each resilience mechanism in IXIT 23-ResMech the TL shall assess whether the mechanism according to the ""Description"" is appropriate to achieve the ""Security Guarantees"".",SHALL,False,data/raw/etsi/etsi_ts_103701_v211.pdf
ETSI TS 103 701,V2.1.1,assessment,assessment_step,5.9 TSO 5.9: Make systems resilient to outages,5.9-1-2 a),80,"The TL shall interrupt the DUT's connection to the network and functionally assess whether the resilience
mechanisms operate as described in IXIT 23-ResMech.",The TL shall interrupt the DUT's connection to the network and functionally assess whether the resilience mechanisms operate as described in IXIT 23-ResMech.,SHALL,False,data/raw/etsi/etsi_ts_103701_v211.pdf
ETSI TS 103 701,V2.1.1,assessment,assessment_step,5.9 TSO 5.9: Make systems resilient to outages,5.9-1-2 b),80,"The TL shall interrupt the DUT's power supply and functionally assess whether the resilience mechanisms
operate as described in IXIT 23-ResMech.",The TL shall interrupt the DUT's power supply and functionally assess whether the resilience mechanisms operate as described in IXIT 23-ResMech.,SHALL,False,data/raw/etsi/etsi_ts_103701_v211.pdf
ETSI TS 103 701,V2.1.1,assessment,assessment_step,5.9 TSO 5.9: Make systems resilient to outages,5.9-2-1 a),81,"The TL shall apply all test units as specified in the Test case 5.9-1-1 for the resilience mechanisms in
IXIT 23-ResMech.",The TL shall apply all test units as specified in the Test case 5.9-1-1 for the resilience mechanisms in IXIT 23-ResMech.,SHALL,False,data/raw/etsi/etsi_ts_103701_v211.pdf
ETSI TS 103 701,V2.1.1,assessment,assessment_step,5.9 TSO 5.9: Make systems resilient to outages,5.9-2-1 b),81,"The TL shall assess whether the resilience mechanisms in IXIT 23-ResMech protecting against network
connectivity outages according to ""Type"" are appropriate to ensure, that the DUT remains operating and
locally functional in the case of a loss of network connectivity.","The TL shall assess whether the resilience mechanisms in IXIT 23-ResMech protecting against network connectivity outages according to ""Type"" are appropriate to ensure, that the DUT remains operating and locally functional in the case of a loss of network connectivity.",SHALL,False,data/raw/etsi/etsi_ts_103701_v211.pdf
ETSI TS 103 701,V2.1.1,assessment,assessment_step,5.9 TSO 5.9: Make systems resilient to outages,5.9-2-1 c),81,"The TL shall assess whether the resilience mechanisms in IXIT 23-ResMech protecting against power outages
according to ""Type"" are appropriate to ensure, that the DUT resumes the connectivity and functionality after a
loss of power in the same or improved state as before.","The TL shall assess whether the resilience mechanisms in IXIT 23-ResMech protecting against power outages according to ""Type"" are appropriate to ensure, that the DUT resumes the connectivity and functionality after a loss of power in the same or improved state as before.",SHALL,False,data/raw/etsi/etsi_ts_103701_v211.pdf
ETSI TS 103 701,V2.1.1,assessment,assessment_step,5.9 TSO 5.9: Make systems resilient to outages,5.9-2-2 a),81,"The TL shall interrupt the DUT's connection to the network and functionally assess whether the resilience
mechanisms operate as described in IXIT 23-ResMech and the DUT remains operating and locally functional
after the loss of network connectivity.",The TL shall interrupt the DUT's connection to the network and functionally assess whether the resilience mechanisms operate as described in IXIT 23-ResMech and the DUT remains operating and locally functional after the loss of network connectivity.,SHALL,False,data/raw/etsi/etsi_ts_103701_v211.pdf
ETSI TS 103 701,V2.1.1,assessment,assessment_step,5.9 TSO 5.9: Make systems resilient to outages,5.9-2-2 b),81,"The TL shall interrupt the DUT's power supply and functionally assess whether the resilience mechanisms
operate as described in IXIT 23-ResMech and the DUT resumes the connectivity and functionality after a loss
of power in the same or improved state as before.",The TL shall interrupt the DUT's power supply and functionally assess whether the resilience mechanisms operate as described in IXIT 23-ResMech and the DUT resumes the connectivity and functionality after a loss of power in the same or improved state as before.,SHALL,False,data/raw/etsi/etsi_ts_103701_v211.pdf
ETSI TS 103 701,V2.1.1,assessment,assessment_step,5.9 TSO 5.9: Make systems resilient to outages,5.9-3-1 a),82,"For each logical interface in IXIT 28-LogIntf that  can communicate over a network interface according to
""Access"", the TL shall assess whether the ""Resilience Measures"" are appropriate to achieve a connection to a
network in an orderly fashion taking the capability of the infrastructure into consideration.","For each logical interface in IXIT 28-LogIntf that can communicate over a network interface according to ""Access"", the TL shall assess whether the ""Resilience Measures"" are appropriate to achieve a connection to a network in an orderly fashion taking the capability of the infrastructure into consideration.",SHALL,False,data/raw/etsi/etsi_ts_103701_v211.pdf
ETSI TS 103 701,V2.1.1,assessment,assessment_step,5.9 TSO 5.9: Make systems resilient to outages,5.9-3-1 b),82,"For each logical interface in IXIT 28-LogIntf that  can communicate over a network interface according to
""Access"", the TL shall assess whether the ""Resilience Measures"" are appropriate to support the operation of a
stable network taking the capability of the infrastructure into consideration.","For each logical interface in IXIT 28-LogIntf that can communicate over a network interface according to ""Access"", the TL shall assess whether the ""Resilience Measures"" are appropriate to support the operation of a stable network taking the capability of the infrastructure into consideration.",SHALL,False,data/raw/etsi/etsi_ts_103701_v211.pdf
ETSI TS 103 701,V2.1.1,assessment,assessment_step,5.9 TSO 5.9: Make systems resilient to outages,5.9-3-2 a),83,"The TL shall functionally assess whether the implemented ""Resilience Measures"" for each network accessible
logical interface in IXIT 28-LogIntf are implemented as described, especially considering the protection
against simultaneous mass-reconnections.","The TL shall functionally assess whether the implemented ""Resilience Measures"" for each network accessible logical interface in IXIT 28-LogIntf are implemented as described, especially considering the protection against simultaneous mass-reconnections.",SHALL,False,data/raw/etsi/etsi_ts_103701_v211.pdf
ETSI TS 103 701,V2.1.1,assessment,assessment_step,5.10 TSO 5.10: Examine system telemetry data,5.10-1-1 a),83,"The TL shall check whether at least one ""Security Examination"" is provided in IXIT 24-TelData for
examining for security anomalies.","The TL shall check whether at least one ""Security Examination"" is provided in IXIT 24-TelData for examining for security anomalies.",SHALL,False,data/raw/etsi/etsi_ts_103701_v211.pdf
ETSI TS 103 701,V2.1.1,assessment,assessment_step,5.10 TSO 5.10: Examine system telemetry data,5.10-1-1 b),83,"For each ""Security Examination"" of telemetry data in IXIT 24-TelData, the TL shall assess whether the
associated telemetry data in ""Description"" are suited for the described security examination and for examining
the data for security anomalies.","For each ""Security Examination"" of telemetry data in IXIT 24-TelData, the TL shall assess whether the associated telemetry data in ""Description"" are suited for the described security examination and for examining the data for security anomalies.",SHALL,False,data/raw/etsi/etsi_ts_103701_v211.pdf
ETSI TS 103 701,V2.1.1,assessment,assessment_step,5.11.1 Test group 5.11-1,5.11-1-1 a),84,"The TL shall assess whether at least one functionality is provided according to IXIT 25-DelFunc, which can
be performed by a user with limited technical knowledge (see clause D.3) according to ""Description"" and
""Initiation and Interaction"" to erase all data that is associated with this user from the DUT according to ""Target
Type"".","The TL shall assess whether at least one functionality is provided according to IXIT 25-DelFunc, which can be performed by a user with limited technical knowledge (see clause D.3) according to ""Description"" and ""Initiation and Interaction"" to erase all data that is associated with this user from the DUT according to ""Target Type"".",SHALL,False,data/raw/etsi/etsi_ts_103701_v211.pdf
ETSI TS 103 701,V2.1.1,assessment,assessment_step,5.11.1 Test group 5.11-1,5.11-1-1 b),84,"The TL shall assess whether each functionality in IXIT 25-DelFunc is adequate to erase the targeted user data
from the DUT.",The TL shall assess whether each functionality in IXIT 25-DelFunc is adequate to erase the targeted user data from the DUT.,SHALL,False,data/raw/etsi/etsi_ts_103701_v211.pdf
ETSI TS 103 701,V2.1.1,assessment,assessment_step,5.11.1 Test group 5.11-1,5.11-1-1 c),84,"The TL shall assess whether the functionalities to erase user data in IXIT 25-DelFunc covers all personal data,
user configuration and user-related cryptographic material associated with the respective user.","The TL shall assess whether the functionalities to erase user data in IXIT 25-DelFunc covers all personal data, user configuration and user-related cryptographic material associated with the respective user.",SHALL,False,data/raw/etsi/etsi_ts_103701_v211.pdf
ETSI TS 103 701,V2.1.1,assessment,assessment_step,5.11.1 Test group 5.11-1,5.11-1-2 a),85,The TL shall create typical user data on the DUT with regard to the usage of the device.,The TL shall create typical user data on the DUT with regard to the usage of the device.,SHALL,False,data/raw/etsi/etsi_ts_103701_v211.pdf
ETSI TS 103 701,V2.1.1,assessment,assessment_step,5.11.1 Test group 5.11-1,5.11-1-2 b),85,"The TL shall perform each functionality to erase user data from the device according to ""Target Type"" in
IXIT 25-DelFunc and functionally assess whether the ""Initiation and Interaction"" is consistent with the IXIT.","The TL shall perform each functionality to erase user data from the device according to ""Target Type"" in IXIT 25-DelFunc and functionally assess whether the ""Initiation and Interaction"" is consistent with the IXIT.",SHALL,False,data/raw/etsi/etsi_ts_103701_v211.pdf
ETSI TS 103 701,V2.1.1,assessment,assessment_step,5.11.1 Test group 5.11-1,5.11-1-2 c),85,"The TL shall perform each functionality to erase user data from the device according to ""Target Type"" in
IXIT 25-DelFunc and functionally assess whether the corresponding user data still exists after completing the
operation.","The TL shall perform each functionality to erase user data from the device according to ""Target Type"" in IXIT 25-DelFunc and functionally assess whether the corresponding user data still exists after completing the operation.",SHALL,False,data/raw/etsi/etsi_ts_103701_v211.pdf
ETSI TS 103 701,V2.1.1,assessment,assessment_step,5.11.1 Test group 5.11-1,5.11-1-2 d),85,"Where the DUT supports multiple users, the TL shall check whether it is possible for a user without elevated
privileges to delete user data belonging to a different user.","Where the DUT supports multiple users, the TL shall check whether it is possible for a user without elevated privileges to delete user data belonging to a different user.",SHALL,False,data/raw/etsi/etsi_ts_103701_v211.pdf
ETSI TS 103 701,V2.1.1,assessment,assessment_step,5.11.2 Test group 5.11-2,5.11-2-1 a),85,"For all deletion functionalities in IXIT 25-DelFunc the TL shall assess whether at least one functionality is
provided, which can be performed by the user with limited technical knowledge (see clause D.3) according to
""Description"" and ""Initiation and Interaction"" to delete all personal data stored by the associated services
according to ""Target Type"".","For all deletion functionalities in IXIT 25-DelFunc the TL shall assess whether at least one functionality is provided, which can be performed by the user with limited technical knowledge (see clause D.3) according to ""Description"" and ""Initiation and Interaction"" to delete all personal data stored by the associated services according to ""Target Type"".",SHALL,False,data/raw/etsi/etsi_ts_103701_v211.pdf
ETSI TS 103 701,V2.1.1,assessment,assessment_step,5.11.2 Test group 5.11-2,5.11-2-1 b),85,"The TL shall assess whether all associated services storing personal data according to ""Processing Activities""
in IXIT 21-PersData are covered by the combination of all deletion functionalities in IXIT 25-DelFunc.","The TL shall assess whether all associated services storing personal data according to ""Processing Activities"" in IXIT 21-PersData are covered by the combination of all deletion functionalities in IXIT 25-DelFunc.",SHALL,False,data/raw/etsi/etsi_ts_103701_v211.pdf
ETSI TS 103 701,V2.1.1,assessment,assessment_step,5.11.2 Test group 5.11-2,5.11-2-2 a),86,The TL shall create typical personal data on associated services with regard to the usage of the DUT.,The TL shall create typical personal data on associated services with regard to the usage of the DUT.,SHALL,False,data/raw/etsi/etsi_ts_103701_v211.pdf
ETSI TS 103 701,V2.1.1,assessment,assessment_step,5.11.2 Test group 5.11-2,5.11-2-2 b),86,"The TL shall perform each functionality to remove personal data according to ""Target Type"" in
IXIT 25-DelFunc and functionally assess whether the ""Initiation and Interaction"" is consistent with in the
IXIT.","The TL shall perform each functionality to remove personal data according to ""Target Type"" in IXIT 25-DelFunc and functionally assess whether the ""Initiation and Interaction"" is consistent with in the IXIT.",SHALL,False,data/raw/etsi/etsi_ts_103701_v211.pdf
ETSI TS 103 701,V2.1.1,assessment,assessment_step,5.11.2 Test group 5.11-2,5.11-2-2 c),86,"The TL shall perform each functionality to remove personal data according to ""Target Type"" in
IXIT 25-DelFunc and functionally assess whether the corresponding personal data still exists on the associated
services after completing the operation.","The TL shall perform each functionality to remove personal data according to ""Target Type"" in IXIT 25-DelFunc and functionally assess whether the corresponding personal data still exists on the associated services after completing the operation.",SHALL,False,data/raw/etsi/etsi_ts_103701_v211.pdf
ETSI TS 103 701,V2.1.1,assessment,assessment_step,5.11.3 Test group 5.11-3,5.11-3-1 a),87,"The TL shall create typical personal data on the DUT and on its associated services with regard to the usage of
the DUT.",The TL shall create typical personal data on the DUT and on its associated services with regard to the usage of the DUT.,SHALL,False,data/raw/etsi/etsi_ts_103701_v211.pdf
ETSI TS 103 701,V2.1.1,assessment,assessment_step,5.11.3 Test group 5.11-3,5.11-3-1 b),87,"The TL  shall functionally assess whether all deletion functionalities in IXIT 25-DelFunc are covered by the
""Documentation of Deletion"" in IXIT 2-UserInfo.","The TL shall functionally assess whether all deletion functionalities in IXIT 25-DelFunc are covered by the ""Documentation of Deletion"" in IXIT 2-UserInfo.",SHALL,False,data/raw/etsi/etsi_ts_103701_v211.pdf
ETSI TS 103 701,V2.1.1,assessment,assessment_step,5.11.3 Test group 5.11-3,5.11-3-1 c),87,"For each deletion functionality in IXIT 25-DelFunc the TL shall perform the functionality according to the
""Documentation of Deletion"" in IXIT 2-UserInfo and functionally assess whether it is described in a concise
manner and includes all necessary steps to delete the personal data from the device or associated service
according to ""Target Type"" in IXIT 25-DelFunc.","For each deletion functionality in IXIT 25-DelFunc the TL shall perform the functionality according to the ""Documentation of Deletion"" in IXIT 2-UserInfo and functionally assess whether it is described in a concise manner and includes all necessary steps to delete the personal data from the device or associated service according to ""Target Type"" in IXIT 25-DelFunc.",SHALL,False,data/raw/etsi/etsi_ts_103701_v211.pdf
ETSI TS 103 701,V2.1.1,assessment,assessment_step,5.11.4 Test group 5.11-4,5.11-4-1 a),87,The TL shall create typical personal data on associated services with regard to the usage of the DUT.,The TL shall create typical personal data on associated services with regard to the usage of the DUT.,SHALL,False,data/raw/etsi/etsi_ts_103701_v211.pdf
ETSI TS 103 701,V2.1.1,assessment,assessment_step,5.11.4 Test group 5.11-4,5.11-4-1 b),87,"The TL shall perform each deletion functionality in IXIT 25-DelFunc according to ""Documentation of
Deletion"" in IXIT 2-UserInfo that addresses personal data stored on the DUT or associated services.","The TL shall perform each deletion functionality in IXIT 25-DelFunc according to ""Documentation of Deletion"" in IXIT 2-UserInfo that addresses personal data stored on the DUT or associated services.",SHALL,False,data/raw/etsi/etsi_ts_103701_v211.pdf
ETSI TS 103 701,V2.1.1,assessment,assessment_step,5.11.4 Test group 5.11-4,5.11-4-1 c),87,"For each deletion functionality in IXIT 25-DelFunc the TL shall functionally assess whether the user is
provided with a clear ""Confirmation"", that the corresponding data is deleted.","For each deletion functionality in IXIT 25-DelFunc the TL shall functionally assess whether the user is provided with a clear ""Confirmation"", that the corresponding data is deleted.",SHALL,False,data/raw/etsi/etsi_ts_103701_v211.pdf
ETSI TS 103 701,V2.1.1,assessment,assessment_step,5.12.1 Test group 5.12-1,5.12-1-1 a),88,"For each decision in IXIT 26-UserDec the TL shall assess whether it is necessary regarding the usage in the
operational environment.",For each decision in IXIT 26-UserDec the TL shall assess whether it is necessary regarding the usage in the operational environment.,SHALL,False,data/raw/etsi/etsi_ts_103701_v211.pdf
ETSI TS 103 701,V2.1.1,assessment,assessment_step,5.12.1 Test group 5.12-1,5.12-1-1 b),88,"For each decision in IXIT 26-UserDec the TL shall  assess whether the default value for the decision according
to ""Options"" follows security best practice.","For each decision in IXIT 26-UserDec the TL shall assess whether the default value for the decision according to ""Options"" follows security best practice.",SHALL,False,data/raw/etsi/etsi_ts_103701_v211.pdf
ETSI TS 103 701,V2.1.1,assessment,assessment_step,5.12.1 Test group 5.12-1,5.12-1-2 a),89,"The TL shall trigger all user-based decisions in IXIT 26-UserDec according to ""Triggered By"".","The TL shall trigger all user-based decisions in IXIT 26-UserDec according to ""Triggered By"".",SHALL,False,data/raw/etsi/etsi_ts_103701_v211.pdf
ETSI TS 103 701,V2.1.1,assessment,assessment_step,5.12.1 Test group 5.12-1,5.12-1-2 b),89,"For each decision in IXIT 26-UserDec the TL shall functionally assess whether it is prominently requested
from the user during the installation and maintenance flows.",For each decision in IXIT 26-UserDec the TL shall functionally assess whether it is prominently requested from the user during the installation and maintenance flows.,SHALL,False,data/raw/etsi/etsi_ts_103701_v211.pdf
ETSI TS 103 701,V2.1.1,assessment,assessment_step,5.12.1 Test group 5.12-1,5.12-1-2 c),89,"For each decision in IXIT 26-UserDec the TL shall functionally assess whether the decision and its ""Options""
are understandable for a user with limited technical knowledge (see clause D.3).","For each decision in IXIT 26-UserDec the TL shall functionally assess whether the decision and its ""Options"" are understandable for a user with limited technical knowledge (see clause D.3).",SHALL,False,data/raw/etsi/etsi_ts_103701_v211.pdf
ETSI TS 103 701,V2.1.1,assessment,assessment_step,5.12.1 Test group 5.12-1,5.12-1-2 d),89,"The TL shall functionally assess whether the decisions to be taken by the user during installation and
maintenance on the DUT are conformant to their ""Description"" and ""Options"" in IXIT 26-UserDec.","The TL shall functionally assess whether the decisions to be taken by the user during installation and maintenance on the DUT are conformant to their ""Description"" and ""Options"" in IXIT 26-UserDec.",SHALL,False,data/raw/etsi/etsi_ts_103701_v211.pdf
ETSI TS 103 701,V2.1.1,assessment,assessment_step,5.12.2 Test group 5.12-2,5.12-2-1 a),89,"The TL shall set up the DUT using the ""Documentation of Secure Setup"" described in IXIT 2-UserInfo.","The TL shall set up the DUT using the ""Documentation of Secure Setup"" described in IXIT 2-UserInfo.",SHALL,False,data/raw/etsi/etsi_ts_103701_v211.pdf
ETSI TS 103 701,V2.1.1,assessment,assessment_step,5.12.2 Test group 5.12-2,5.12-2-1 b),89,"The TL shall functionally assess whether in the ""Documentation of Secure Setup"" described in
IXIT 2-UserInfo each security-relevant user decision in IXIT 26-UserDec is covered by the documentation.","The TL shall functionally assess whether in the ""Documentation of Secure Setup"" described in IXIT 2-UserInfo each security-relevant user decision in IXIT 26-UserDec is covered by the documentation.",SHALL,False,data/raw/etsi/etsi_ts_103701_v211.pdf
ETSI TS 103 701,V2.1.1,assessment,assessment_step,5.12.2 Test group 5.12-2,5.12-2-1 c),89,"The TL shall functionally assess whether the ""Documentation of Secure Setup"" described in IXIT 2-UserInfo
includes recommendations on how to take the security-relevant user decisions to achieve a secure setup.","The TL shall functionally assess whether the ""Documentation of Secure Setup"" described in IXIT 2-UserInfo includes recommendations on how to take the security-relevant user decisions to achieve a secure setup.",SHALL,False,data/raw/etsi/etsi_ts_103701_v211.pdf
ETSI TS 103 701,V2.1.1,assessment,assessment_step,5.12.3 Test group 5.12-3,5.12-3-1 a),90,"The TL shall conceptually assess whether each step (where necessary, including the parameter to verify) for
checking that the DUT is securely set up is covered in the ""Documentation of Setup Check"" described in
IXIT 2-UserInfo.","The TL shall conceptually assess whether each step (where necessary, including the parameter to verify) for checking that the DUT is securely set up is covered in the ""Documentation of Setup Check"" described in IXIT 2-UserInfo.",SHALL,False,data/raw/etsi/etsi_ts_103701_v211.pdf
ETSI TS 103 701,V2.1.1,assessment,assessment_step,5.12.3 Test group 5.12-3,5.12-3-1 b),90,"The TL shall conceptually assess whether each step (where necessary, including the parameter to verify) for
checking that the DUT is maintained in a secure state is covered in the ""Documentation of Maintenance
Check"" described in IXIT 2-UserInfo by the documentation.","The TL shall conceptually assess whether each step (where necessary, including the parameter to verify) for checking that the DUT is maintained in a secure state is covered in the ""Documentation of Maintenance Check"" described in IXIT 2-UserInfo by the documentation.",SHALL,False,data/raw/etsi/etsi_ts_103701_v211.pdf
ETSI TS 103 701,V2.1.1,assessment,assessment_step,5.12.3 Test group 5.12-3,5.12-3-2 a),90,The TL shall set up the DUT using a secure example configuration.,The TL shall set up the DUT using a secure example configuration.,SHALL,False,data/raw/etsi/etsi_ts_103701_v211.pdf
ETSI TS 103 701,V2.1.1,assessment,assessment_step,5.12.3 Test group 5.12-3,5.12-3-2 b),90,"The TL shall functionally assess whether checking the example configuration according to ""Documentation of
Setup Check"" described in IXIT 2-UserInfo correctly indicates whether the DUT is securely set up.","The TL shall functionally assess whether checking the example configuration according to ""Documentation of Setup Check"" described in IXIT 2-UserInfo correctly indicates whether the DUT is securely set up.",SHALL,False,data/raw/etsi/etsi_ts_103701_v211.pdf
ETSI TS 103 701,V2.1.1,assessment,assessment_step,5.12.3 Test group 5.12-3,5.12-3-2 c),90,"The TL shall functionally assess whether checking the example configuration according to ""Documentation of
Maintenance Check"" described in IXIT 2-UserInfo correctly indicates whether the DUT is maintained in a
secure state.","The TL shall functionally assess whether checking the example configuration according to ""Documentation of Maintenance Check"" described in IXIT 2-UserInfo correctly indicates whether the DUT is maintained in a secure state.",SHALL,False,data/raw/etsi/etsi_ts_103701_v211.pdf
ETSI TS 103 701,V2.1.1,assessment,assessment_step,5.12.3 Test group 5.12-3,5.12-3-2 d),90,The TL shall set up the DUT in a purposely insecure configuration.,The TL shall set up the DUT in a purposely insecure configuration.,SHALL,False,data/raw/etsi/etsi_ts_103701_v211.pdf
ETSI TS 103 701,V2.1.1,assessment,assessment_step,5.12.3 Test group 5.12-3,5.12-3-2 e),90,The TL shall repeat the Test units b) and c).,The TL shall repeat the Test units b) and c).,SHALL,False,data/raw/etsi/etsi_ts_103701_v211.pdf
ETSI TS 103 701,V2.1.1,assessment,assessment_step,5.13.1A Test group 5.13-1A,5.13-1A-1 a),91,"For each user interface list IXIT 27-UserIntf the TL shall check whether at least one data input validation
method in IXIT 29-InpVal exists.",For each user interface list IXIT 27-UserIntf the TL shall check whether at least one data input validation method in IXIT 29-InpVal exists.,SHALL,False,data/raw/etsi/etsi_ts_103701_v211.pdf
ETSI TS 103 701,V2.1.1,assessment,assessment_step,5.13.1A Test group 5.13-1A,5.13-1A-1 b),91,"For each data input validation method in IXIT 29 InpVal, where the data input is entered at application layer
via a user interface according to ""source"", the TL shall assess whether the input data is validated regarding
unexpected data input to prevent system manipulations and failures.","For each data input validation method in IXIT 29 InpVal, where the data input is entered at application layer via a user interface according to ""source"", the TL shall assess whether the input data is validated regarding unexpected data input to prevent system manipulations and failures.",SHALL,False,data/raw/etsi/etsi_ts_103701_v211.pdf
ETSI TS 103 701,V2.1.1,assessment,assessment_step,5.13.1A Test group 5.13-1A,5.13-1A-2 a),92,"The TL shall functionally assess whether all user interfaces of the DUT are described in IXIT 27-UserIntf
according to the documentation for the user, e.g. user manual.","The TL shall functionally assess whether all user interfaces of the DUT are described in IXIT 27-UserIntf according to the documentation for the user, e.g. user manual.",SHALL,False,data/raw/etsi/etsi_ts_103701_v211.pdf
ETSI TS 103 701,V2.1.1,assessment,assessment_step,5.13.1A Test group 5.13-1A,5.13-1A-2 b),92,"The TL shall functionally assess whether each data input validation method in IXIT 29-InpVal, where the data
is entered at the application layer and via a user interface according to ""Source"", prevents the processing of
unexpected data input.","The TL shall functionally assess whether each data input validation method in IXIT 29-InpVal, where the data is entered at the application layer and via a user interface according to ""Source"", prevents the processing of unexpected data input.",SHALL,False,data/raw/etsi/etsi_ts_103701_v211.pdf
ETSI TS 103 701,V2.1.1,assessment,assessment_step,5.13.1B Test group 5.13-1B,5.13-1B-1 a),92,"For each logical interface in IXIT 28-LogIntf that can communicate over a network interface according to
""Access"", the TL shall check whether at least one data input validation method in IXIT 29-InpVal exists.","For each logical interface in IXIT 28-LogIntf that can communicate over a network interface according to ""Access"", the TL shall check whether at least one data input validation method in IXIT 29-InpVal exists.",SHALL,False,data/raw/etsi/etsi_ts_103701_v211.pdf
ETSI TS 103 701,V2.1.1,assessment,assessment_step,5.13.1B Test group 5.13-1B,5.13-1B-1 b),92,"For each data input validation method in IXIT 29-InpVal, where the data is entered at the application layer and
over a network interface according to ""source"", the TL shall assess whether the input data is validated
regarding unexpected data input to prevent system manipulations and failures.","For each data input validation method in IXIT 29-InpVal, where the data is entered at the application layer and over a network interface according to ""source"", the TL shall assess whether the input data is validated regarding unexpected data input to prevent system manipulations and failures.",SHALL,False,data/raw/etsi/etsi_ts_103701_v211.pdf
ETSI TS 103 701,V2.1.1,assessment,assessment_step,5.13.1B Test group 5.13-1B,5.13-1B-2 a),93,"The TL shall functionally assess whether each data input validation method in IXIT 29-InpVal, where the data
input is at application layer and via a network interface according to ""Source"", prevents the processing of
unexpected data input.","The TL shall functionally assess whether each data input validation method in IXIT 29-InpVal, where the data input is at application layer and via a network interface according to ""Source"", prevents the processing of unexpected data input.",SHALL,False,data/raw/etsi/etsi_ts_103701_v211.pdf
ETSI TS 103 701,V2.1.1,assessment,assessment_step,5.13.1B Test group 5.13-1B,5.13-1B-2 b),93,"The TL shall functionally assess whether all network interfaces of the DUT are described in IXIT 15-PhyIntf
according to the documentation for the user, e.g. user manual.","The TL shall functionally assess whether all network interfaces of the DUT are described in IXIT 15-PhyIntf according to the documentation for the user, e.g. user manual.",SHALL,False,data/raw/etsi/etsi_ts_103701_v211.pdf
ETSI TS 103 701,V2.1.1,assessment,assessment_step,5.14.1 Test group 6-1,6-1-1 a),94,"For each category of personal data in IXIT 21-PersData, the TL shall assess whether the method of
documenting the ""Description"", ""Purpose"", ""Authorized Parties"" and ""Lifecycle"" is suitable according to
IXIT 2-UserInfo ""Documentation of Personal Data"" in the way that consumers have clear and transparent
information about what personal data is processed and for what purposes, by whom, and for how long.","For each category of personal data in IXIT 21-PersData, the TL shall assess whether the method of documenting the ""Description"", ""Purpose"", ""Authorized Parties"" and ""Lifecycle"" is suitable according to IXIT 2-UserInfo ""Documentation of Personal Data"" in the way that consumers have clear and transparent information about what personal data is processed and for what purposes, by whom, and for how long.",SHALL,False,data/raw/etsi/etsi_ts_103701_v211.pdf
ETSI TS 103 701,V2.1.1,assessment,assessment_step,5.14.1 Test group 6-1,6-1-2 a),94,"For each category of personal data in IXIT 21-PersData, the TL shall check whether the information provided
to the consumers about what personal data is processed and for what purposes, by whom, and for how long are
clear and transparent.","For each category of personal data in IXIT 21-PersData, the TL shall check whether the information provided to the consumers about what personal data is processed and for what purposes, by whom, and for how long are clear and transparent.",SHALL,False,data/raw/etsi/etsi_ts_103701_v211.pdf
ETSI TS 103 701,V2.1.1,assessment,assessment_step,5.14.1 Test group 6-1,6-1-2 b),94,"For each category of personal data in IXIT 21-PersData, the TL shall check whether the information provided
to the consumers about what personal data is processed and for what purposes, by whom, and for how long are
as described in ""Description"", ""Purpose"", ""Authorized Parties"" and ""Lifecycle"".","For each category of personal data in IXIT 21-PersData, the TL shall check whether the information provided to the consumers about what personal data is processed and for what purposes, by whom, and for how long are as described in ""Description"", ""Purpose"", ""Authorized Parties"" and ""Lifecycle"".",SHALL,False,data/raw/etsi/etsi_ts_103701_v211.pdf
ETSI TS 103 701,V2.1.1,assessment,assessment_step,5.14.2 Test group 6-2,6-2-1 a),95,"For each personal data in IXIT 21-PersData that is processed on the basis of consumers' consent according to
""Obtaining Consent"", the TL shall assess whether the opt-in choice:
- is given freely; and
- is given obviously; and
- is given explicitly
according to the description of ""Obtaining Consent"".","For each personal data in IXIT 21-PersData that is processed on the basis of consumers' consent according to ""Obtaining Consent"", the TL shall assess whether the opt-in choice: - is given freely; and - is given obviously; and - is given explicitly according to the description of ""Obtaining Consent"".",SHALL,False,data/raw/etsi/etsi_ts_103701_v211.pdf
ETSI TS 103 701,V2.1.1,assessment,assessment_step,5.14.2 Test group 6-2,6-2-2 a),95,"For each personal data in IXIT 21-PersData that is processed on the basis of consumers' consent according to
""Obtaining Consent"", the TL shall functionally assess whether consumers' consent to processing personal data
is obtained as described in the IXIT.","For each personal data in IXIT 21-PersData that is processed on the basis of consumers' consent according to ""Obtaining Consent"", the TL shall functionally assess whether consumers' consent to processing personal data is obtained as described in the IXIT.",SHALL,False,data/raw/etsi/etsi_ts_103701_v211.pdf
ETSI TS 103 701,V2.1.1,assessment,assessment_step,5.14.3A Test group 6-3A,6-3A-1 a),96,"For each personal data in IXIT 21-PersData that is processed on the basis of consumers' consent according to
""Obtaining Consent"", the TL shall assess whether the information on ""Withdrawing Consent"" describes how to
withdraw consent to the processing of personal data at any time by configuring IoT device and service
functionality appropriately.","For each personal data in IXIT 21-PersData that is processed on the basis of consumers' consent according to ""Obtaining Consent"", the TL shall assess whether the information on ""Withdrawing Consent"" describes how to withdraw consent to the processing of personal data at any time by configuring IoT device and service functionality appropriately.",SHALL,False,data/raw/etsi/etsi_ts_103701_v211.pdf
ETSI TS 103 701,V2.1.1,assessment,assessment_step,5.14.3A Test group 6-3A,6-3A-2 a),96,"For each personal data in IXIT 21-PersData that is processed on the basis of consumers' consent according to
""Obtaining Consent"", the TL shall functionally assess whether consumers' consent to processing personal data
can be withdrawn as described in ""Withdrawing Consent"".","For each personal data in IXIT 21-PersData that is processed on the basis of consumers' consent according to ""Obtaining Consent"", the TL shall functionally assess whether consumers' consent to processing personal data can be withdrawn as described in ""Withdrawing Consent"".",SHALL,False,data/raw/etsi/etsi_ts_103701_v211.pdf
ETSI TS 103 701,V2.1.1,assessment,assessment_step,5.14.3B Test group 6.3B,6-3B-1 a),96,"For each personal data in IXIT 21-PersData that is processed on the basis of consumers' consent according to
""Obtaining Consent"", the TL shall assess whether the DUT provides means of storing information about this
consent according to ""Storing Consent"".","For each personal data in IXIT 21-PersData that is processed on the basis of consumers' consent according to ""Obtaining Consent"", the TL shall assess whether the DUT provides means of storing information about this consent according to ""Storing Consent"".",SHALL,False,data/raw/etsi/etsi_ts_103701_v211.pdf
ETSI TS 103 701,V2.1.1,assessment,assessment_step,5.14.3B Test group 6.3B,6-3B-2 a),97,"For each personal data in IXIT 21-PersData that is processed on the basis of consumers' consent according to
""Obtaining Consent"", the TL shall check whether the information about the storage of the consent is as
described in ""Storing Consent""","For each personal data in IXIT 21-PersData that is processed on the basis of consumers' consent according to ""Obtaining Consent"", the TL shall check whether the information about the storage of the consent is as described in ""Storing Consent""",SHALL,False,data/raw/etsi/etsi_ts_103701_v211.pdf
ETSI TS 103 701,V2.1.1,assessment,assessment_step,5.14.4 Test group 6-4,6-4-1 a),97,"The TL shall assess whether the personal data in IXIT 21-PersData that are referenced in ""Personal Data"" in
IXIT 24-TelData is necessary for the intended functionality as described in the ""Purpose"" of collecting the
data.","The TL shall assess whether the personal data in IXIT 21-PersData that are referenced in ""Personal Data"" in IXIT 24-TelData is necessary for the intended functionality as described in the ""Purpose"" of collecting the data.",SHALL,False,data/raw/etsi/etsi_ts_103701_v211.pdf
ETSI TS 103 701,V2.1.1,assessment,assessment_step,5.14.5 Test group 6-5,6-5-1 a),98,"The TL shall assess whether the ""Documentation of Telemetry Data"" in IXIT 2-UserInfo is suitable for the
consumer to obtain the information about processing telemetry data.","The TL shall assess whether the ""Documentation of Telemetry Data"" in IXIT 2-UserInfo is suitable for the consumer to obtain the information about processing telemetry data.",SHALL,False,data/raw/etsi/etsi_ts_103701_v211.pdf
ETSI TS 103 701,V2.1.1,assessment,assessment_step,5.14.5 Test group 6-5,6-5-2 a),98,"The TL shall functionally assess whether the provided information about processing telemetry data (obtained
information) is consistent with the description in ""Documentation of Telemetry Data"" in IXIT 2-UserInfo.","The TL shall functionally assess whether the provided information about processing telemetry data (obtained information) is consistent with the description in ""Documentation of Telemetry Data"" in IXIT 2-UserInfo.",SHALL,False,data/raw/etsi/etsi_ts_103701_v211.pdf
ETSI TS 103 701,V2.1.1,assessment,assessment_step,5.14.5 Test group 6-5,6-5-2 b),98,"The TL shall functionally assess whether the obtained information about processing telemetry data accessing
the ""Documentation of Telemetry Data"" in IXIT 2-UserInfo match their ""Purpose"" described in
IXIT 24-TelData.","The TL shall functionally assess whether the obtained information about processing telemetry data accessing the ""Documentation of Telemetry Data"" in IXIT 2-UserInfo match their ""Purpose"" described in IXIT 24-TelData.",SHALL,False,data/raw/etsi/etsi_ts_103701_v211.pdf
ETSI TS 103 701,V2.1.1,assessment,assessment_step,5.14.5 Test group 6-5,6-5-2 c),98,The TL shall functionally check whether the obtained information describes what telemetry data is collected.,The TL shall functionally check whether the obtained information describes what telemetry data is collected.,SHALL,False,data/raw/etsi/etsi_ts_103701_v211.pdf
ETSI TS 103 701,V2.1.1,assessment,assessment_step,5.14.5 Test group 6-5,6-5-2 d),98,"The TL shall functionally check whether the obtained information describes how telemetry data is being used,
by whom, and for what purposes.","The TL shall functionally check whether the obtained information describes how telemetry data is being used, by whom, and for what purposes.",SHALL,False,data/raw/etsi/etsi_ts_103701_v211.pdf
ETSI TS 103 701,V2.1.1,assessment,assessment_step,5.14.6 Test group 6-6,6-6-1 a),99,"For each personal data in IXIT 21-PersData, the TL shall assess whether processing of personal data is
necessary in respect to the information provided in ""Purpose"" and ""Processing Activities"".","For each personal data in IXIT 21-PersData, the TL shall assess whether processing of personal data is necessary in respect to the information provided in ""Purpose"" and ""Processing Activities"".",SHALL,False,data/raw/etsi/etsi_ts_103701_v211.pdf
ETSI TS 103 701,V2.1.1,assessment,assessment_step,5.14.6 Test group 6-6,6-6-1 b),99,"For each personal data in IXIT 21-PersData, the TL shall assess whether the duration for which the personal
data is processed, e.g. stored or kept, according to ""Lifecycle"" is reasonable in respect to the information
provided in ""Purpose"" and ""Processing Activities"".","For each personal data in IXIT 21-PersData, the TL shall assess whether the duration for which the personal data is processed, e.g. stored or kept, according to ""Lifecycle"" is reasonable in respect to the information provided in ""Purpose"" and ""Processing Activities"".",SHALL,False,data/raw/etsi/etsi_ts_103701_v211.pdf
ETSI TS 103 701,V2.1.1,assessment,assessment_step,5.14.6 Test group 6-6,6-6-1 c),99,"For each personal data in IXIT 21-PersData, the TL shall assess whether the disposal process described in
""Lifecycle"" is suitable to delete the personal data from the DUT or associated services where it is processed.","For each personal data in IXIT 21-PersData, the TL shall assess whether the disposal process described in ""Lifecycle"" is suitable to delete the personal data from the DUT or associated services where it is processed.",SHALL,False,data/raw/etsi/etsi_ts_103701_v211.pdf
ETSI TS 103 701,V2.1.1,assessment,assessment_step,5.14.6 Test group 6-6,6-6-2 a),99,The TL shall create typical personal data on the DUT with regard to the usage of the device.,The TL shall create typical personal data on the DUT with regard to the usage of the device.,SHALL,False,data/raw/etsi/etsi_ts_103701_v211.pdf
ETSI TS 103 701,V2.1.1,assessment,assessment_step,5.14.6 Test group 6-6,6-6-2 b),99,"The TL shall functionally assess whether personal data, that is not directly created by a user, is collected by
the DUT or associated services.","The TL shall functionally assess whether personal data, that is not directly created by a user, is collected by the DUT or associated services.",SHALL,False,data/raw/etsi/etsi_ts_103701_v211.pdf
ETSI TS 103 701,V2.1.1,assessment,assessment_step,5.14.6 Test group 6-6,6-6-2 c),99,"For each personal data that is not directly created by a user but collected by the DUT or associated services,
the TL shall assess whether the processing of the data is necessary according to ""Purpose"" and ""processing
Activities"".","For each personal data that is not directly created by a user but collected by the DUT or associated services, the TL shall assess whether the processing of the data is necessary according to ""Purpose"" and ""processing Activities"".",SHALL,False,data/raw/etsi/etsi_ts_103701_v211.pdf
ETSI TS 103 701,V2.1.1,assessment,assessment_step,5.14.6 Test group 6-6,6-6-2 d),99,The TL shall functionally assess whether personal data that is no longer required is deleted.,The TL shall functionally assess whether personal data that is no longer required is deleted.,SHALL,False,data/raw/etsi/etsi_ts_103701_v211.pdf
ETSI TS 103 701,V2.1.1,assessment,assessment_step,5.14.7 Test group 6-7,6-7-1 a),100,"For each data in IXIT 21-PersData, which sole purpose is to be computed into an aggregate result according to
""Aggregation"", the TL shall assess whether the data collected is required to compute the aggregate according
to ""Processing Activities"".","For each data in IXIT 21-PersData, which sole purpose is to be computed into an aggregate result according to ""Aggregation"", the TL shall assess whether the data collected is required to compute the aggregate according to ""Processing Activities"".",SHALL,False,data/raw/etsi/etsi_ts_103701_v211.pdf
ETSI TS 103 701,V2.1.1,assessment,assessment_step,5.14.7 Test group 6-7,6-7-1 b),100,"For each data in IXIT 21-PersData, which sole purpose is to be computed into an aggregate result according to
""Aggregation"", the TL shall assess whether the aggregation happens as early as possible according to
""Processing Activities"".","For each data in IXIT 21-PersData, which sole purpose is to be computed into an aggregate result according to ""Aggregation"", the TL shall assess whether the aggregation happens as early as possible according to ""Processing Activities"".",SHALL,False,data/raw/etsi/etsi_ts_103701_v211.pdf
ETSI TS 103 701,V2.1.1,assessment,assessment_step,5.14.7 Test group 6-7,6-7-1 c),100,"For each data in IXIT 21-PersData, which sole purpose is to be computed into an aggregate result according to
""Aggregation"", the TL shall assess whether the retention of both collected data and the resulting aggregate is
minimized according to ""Processing Activities"".","For each data in IXIT 21-PersData, which sole purpose is to be computed into an aggregate result according to ""Aggregation"", the TL shall assess whether the retention of both collected data and the resulting aggregate is minimized according to ""Processing Activities"".",SHALL,False,data/raw/etsi/etsi_ts_103701_v211.pdf
ETSI TS 103 701,V2.1.1,assessment,assessment_step,5.14.7 Test group 6-7,6-7-2 a),101,"The TL shall create typical personal data on the DUT which is foreseen to be aggregated as described in
IXIT 21-PersData ""Processing Activities"" and ""Aggregation"".","The TL shall create typical personal data on the DUT which is foreseen to be aggregated as described in IXIT 21-PersData ""Processing Activities"" and ""Aggregation"".",SHALL,False,data/raw/etsi/etsi_ts_103701_v211.pdf
ETSI TS 103 701,V2.1.1,assessment,assessment_step,5.14.7 Test group 6-7,6-7-2 b),101,"For each data IXIT 21-PersData whose sole purpose is to be computed into an aggregate result according to
""Aggregation"", the TL shall functionally assess that the mechanism to aggregate the data works as specified.","For each data IXIT 21-PersData whose sole purpose is to be computed into an aggregate result according to ""Aggregation"", the TL shall functionally assess that the mechanism to aggregate the data works as specified.",SHALL,False,data/raw/etsi/etsi_ts_103701_v211.pdf
ETSI TS 103 701,V2.1.1,assessment,assessment_step,5.14.8 Test group 6-8,6-8-1 a),101,"For each personal data in IXIT 21-PersData, the TL shall assess whether anonymization technologies are used
according to ""Anonymization"" and that they are appropriate to protect privacy during data collection,
processing and storage.","For each personal data in IXIT 21-PersData, the TL shall assess whether anonymization technologies are used according to ""Anonymization"" and that they are appropriate to protect privacy during data collection, processing and storage.",SHALL,False,data/raw/etsi/etsi_ts_103701_v211.pdf
ETSI TS 103 701,V2.1.1,assessment,assessment_step,5.14.8 Test group 6-8,6-8-2 a),101,"The TL shall create typical personal data on the DUT which is foreseen to be anonymized as described in
IXIT 21-PersData ""Anonymization"".","The TL shall create typical personal data on the DUT which is foreseen to be anonymized as described in IXIT 21-PersData ""Anonymization"".",SHALL,False,data/raw/etsi/etsi_ts_103701_v211.pdf
ETSI TS 103 701,V2.1.1,assessment,assessment_step,5.14.8 Test group 6-8,6-8-2 b),101,The TL shall functionally assess whether the anonymization of the created data works as specified.,The TL shall functionally assess whether the anonymization of the created data works as specified.,SHALL,False,data/raw/etsi/etsi_ts_103701_v211.pdf
NISTIR 8259A,Final,guidance,capability,Table 1: Device Identification,Device Identification - Element 1,11,A unique logical identifier,A unique logical identifier,OTHER,True,data/raw/nist/nistir_8259a.pdf
NISTIR 8259A,Final,guidance,capability,Table 1: Device Identification,Device Identification - Element 2,11,"A unique physical identifier at an
external or internal location on the
device authorized entities can access",A unique physical identifier at an external or internal location on the device authorized entities can access,OTHER,True,data/raw/nist/nistir_8259a.pdf
NISTIR 8259A,Final,guidance,capability,Table 1: Device Configuration,Device Configuration - Element 1,12,"The ability to change the device’s
software configuration settings",The ability to change the device’s software configuration settings,OTHER,True,data/raw/nist/nistir_8259a.pdf
NISTIR 8259A,Final,guidance,capability,Table 1: Device Configuration,Device Configuration - Element 2,12,"The ability to restrict configuration
changes to authorized entities only",The ability to restrict configuration changes to authorized entities only,OTHER,True,data/raw/nist/nistir_8259a.pdf
NISTIR 8259A,Final,guidance,capability,Table 1: Device Configuration,Device Configuration - Element 3,12,"The ability for authorized entities to
restore the device to a secure
configuration defined by an authorized
entity",The ability for authorized entities to restore the device to a secure configuration defined by an authorized entity,OTHER,True,data/raw/nist/nistir_8259a.pdf
NISTIR 8259A,Final,guidance,capability,Table 1: Data Protection,Data Protection - Element 1,13,"The ability to use demonstrably secure
cryptographic modules for
standardized cryptographic algorithms
(e.g., encryption with authentication,
cryptographic hashes, digital signature
validation) to prevent the confidentiality
and integrity of the device’s stored and
transmitted data from being
compromised","The ability to use demonstrably secure cryptographic modules for standardized cryptographic algorithms (e.g., encryption with authentication, cryptographic hashes, digital signature validation) to prevent the confidentiality and integrity of the device’s stored and transmitted data from being compromised",OTHER,True,data/raw/nist/nistir_8259a.pdf
NISTIR 8259A,Final,guidance,capability,Table 1: Data Protection,Data Protection - Element 2,13,"The ability for authorized entities to
render all data on the device
inaccessible by all entities, whether
previously authorized or not (e.g.,
through a wipe of internal storage,
destruction of cryptographic keys for
encrypted data)","The ability for authorized entities to render all data on the device inaccessible by all entities, whether previously authorized or not (e.g., through a wipe of internal storage, destruction of cryptographic keys for encrypted data)",OTHER,True,data/raw/nist/nistir_8259a.pdf
NISTIR 8259A,Final,guidance,capability,Table 1: Data Protection,Data Protection - Element 3,13,"Configuration settings for use with the
Device Configuration capability
including, but not limited to, the ability
for authorized entities to configure the
cryptography use itself, such as
choosing a key length","Configuration settings for use with the Device Configuration capability including, but not limited to, the ability for authorized entities to configure the cryptography use itself, such as choosing a key length",OTHER,True,data/raw/nist/nistir_8259a.pdf
NISTIR 8259A,Final,guidance,capability,Table 1: Logical Access to Interfaces,Logical Access to Interfaces - Element 1,14,"The ability to logically or physically
disable any local and network
interfaces that are not necessary for
the core functionality of the device",The ability to logically or physically disable any local and network interfaces that are not necessary for the core functionality of the device,OTHER,True,data/raw/nist/nistir_8259a.pdf
NISTIR 8259A,Final,guidance,capability,Table 1: Logical Access to Interfaces,Logical Access to Interfaces - Element 2,14,"The ability to logically restrict access to
each network interface to only
authorized entities (e.g., device
authentication, user authentication)","The ability to logically restrict access to each network interface to only authorized entities (e.g., device authentication, user authentication)",OTHER,True,data/raw/nist/nistir_8259a.pdf
NISTIR 8259A,Final,guidance,capability,Table 1: Logical Access to Interfaces,Logical Access to Interfaces - Element 3,14,"Configuration settings for use with the
Device Configuration capability
including, but not limited to, the ability
to enable, disable, and adjust
thresholds for any ability the device
might have to lock or disable an
account or to delay additional
authentication attempts after too many
failed authentication attempts","Configuration settings for use with the Device Configuration capability including, but not limited to, the ability to enable, disable, and adjust thresholds for any ability the device might have to lock or disable an account or to delay additional authentication attempts after too many failed authentication attempts",OTHER,True,data/raw/nist/nistir_8259a.pdf
NISTIR 8259A,Final,guidance,capability,Table 1: Software Update,Software Update - Element 1,15,"The ability to update the device’s
software through remote (e.g., network
download) and/or local means (e.g.,
removable media)","The ability to update the device’s software through remote (e.g., network download) and/or local means (e.g., removable media)",OTHER,True,data/raw/nist/nistir_8259a.pdf
NISTIR 8259A,Final,guidance,capability,Table 1: Software Update,Software Update - Element 2,15,"The ability to verify and authenticate
any update before installing it",The ability to verify and authenticate any update before installing it,OTHER,True,data/raw/nist/nistir_8259a.pdf
NISTIR 8259A,Final,guidance,capability,Table 1: Software Update,Software Update - Element 3,15,"The ability for authorized entities to roll
back updated software to a previous
version",The ability for authorized entities to roll back updated software to a previous version,OTHER,True,data/raw/nist/nistir_8259a.pdf
NISTIR 8259A,Final,guidance,capability,Table 1: Software Update,Software Update - Element 4,15,"The ability to restrict updating actions
to authorized entities only",The ability to restrict updating actions to authorized entities only,OTHER,True,data/raw/nist/nistir_8259a.pdf
NISTIR 8259A,Final,guidance,capability,Table 1: Software Update,Software Update - Element 5,15,"The ability to enable or disable
updating",The ability to enable or disable updating,OTHER,True,data/raw/nist/nistir_8259a.pdf
NISTIR 8259A,Final,guidance,capability,Table 1: Software Update,Software Update - Element 6,15,"Configuration settings for use with the
Device Configuration capability
including, but not limited to:
a. The ability to configure any remote
update mechanisms to be either
automatically or manually initiated
for update downloads and
installations
b. The ability to enable or disable
notification when an update is
available and specify who or what
is to be notified","Configuration settings for use with the Device Configuration capability including, but not limited to: a. The ability to configure any remote update mechanisms to be either automatically or manually initiated for update downloads and installations b. The ability to enable or disable notification when an update is available and specify who or what is to be notified",OTHER,True,data/raw/nist/nistir_8259a.pdf
NISTIR 8259A,Final,guidance,capability,Table 1: Cybersecurity State Awareness,Cybersecurity State Awareness - Element 1,16,"The ability to report the device’s
cybersecurity state",The ability to report the device’s cybersecurity state,OTHER,True,data/raw/nist/nistir_8259a.pdf
NISTIR 8259A,Final,guidance,capability,Table 1: Cybersecurity State Awareness,Cybersecurity State Awareness - Element 2,16,"The ability to differentiate between
when a device will likely operate as
expected from when it may be in a
degraded cybersecurity state",The ability to differentiate between when a device will likely operate as expected from when it may be in a degraded cybersecurity state,OTHER,True,data/raw/nist/nistir_8259a.pdf
NISTIR 8259A,Final,guidance,capability,Table 1: Cybersecurity State Awareness,Cybersecurity State Awareness - Element 3,16,"The ability to restrict access to the
state indicator so only authorized
entities can view it",The ability to restrict access to the state indicator so only authorized entities can view it,OTHER,True,data/raw/nist/nistir_8259a.pdf
NISTIR 8259A,Final,guidance,capability,Table 1: Cybersecurity State Awareness,Cybersecurity State Awareness - Element 4,16,"The ability to prevent any entities
(authorized or unauthorized) from
editing the state except for those
entities that are responsible for
maintaining the device’s state
information",The ability to prevent any entities (authorized or unauthorized) from editing the state except for those entities that are responsible for maintaining the device’s state information,OTHER,True,data/raw/nist/nistir_8259a.pdf
NISTIR 8259A,Final,guidance,capability,Table 1: Cybersecurity State Awareness,Cybersecurity State Awareness - Element 5,16,"The ability to make the state
information available to a service on
another device, such as an event/state
log server","The ability to make the state information available to a service on another device, such as an event/state log server",OTHER,True,data/raw/nist/nistir_8259a.pdf
NISTIR 8259B,Final,guidance,capability,Table 1: Documentation,Documentation - Element 1,12,"Document assumptions made during the development
process and other expectations related to the IoT device,
such as:
a. Expected customers and use cases
b. Physical use and characteristics
c. Network access and requirements (e.g., bandwidth
requirements)
d. Data created and handled by the device
e. Expected data inputs and outputs (including error codes,
frequency, type/form, range of acceptable values, etc.)
f. Assumed cybersecurity requirements for the IoT device
g. Laws and regulations with which the IoT device and
related support activities comply
h. Expected lifespan, anticipated cybersecurity costs related
to the IoT device (e.g., price of maintenance), and term
of support","Document assumptions made during the development process and other expectations related to the IoT device, such as: a. Expected customers and use cases b. Physical use and characteristics c. Network access and requirements (e.g., bandwidth requirements) d. Data created and handled by the device e. Expected data inputs and outputs (including error codes, frequency, type/form, range of acceptable values, etc.) f. Assumed cybersecurity requirements for the IoT device g. Laws and regulations with which the IoT device and related support activities comply h. Expected lifespan, anticipated cybersecurity costs related to the IoT device (e.g., price of maintenance), and term of support",OTHER,True,data/raw/nist/nistir_8259b.pdf
NISTIR 8259B,Final,guidance,capability,Table 1: Documentation,Documentation - Element 2,12,"Document the device cybersecurity capabilities, such as
those detailed within NISTIR 8259A, that are implemented
within the IoT device and how to configure and use them.","Document the device cybersecurity capabilities, such as those detailed within NISTIR 8259A, that are implemented within the IoT device and how to configure and use them.",OTHER,True,data/raw/nist/nistir_8259b.pdf
NISTIR 8259B,Final,guidance,capability,Table 1: Documentation,Documentation - Element 3,12,"Document device design and support considerations related
to the IoT device, such as:4
a. IoT platform5 used in the development and operation of
the IoT device and related documentation
b. Protection of software and hardware components of the
IoT device (e.g., secure boot, hardware root of trust, and
secure enclave)
c. Consideration of the known risks related to the IoT
device and known potential misuses
d. Secure software development and supply chain practices
used
e. Accreditation, certification, and/or evaluation results for
cybersecurity-related practices","Document device design and support considerations related to the IoT device, such as:4 a. IoT platform5 used in the development and operation of the IoT device and related documentation b. Protection of software and hardware components of the IoT device (e.g., secure boot, hardware root of trust, and secure enclave) c. Consideration of the known risks related to the IoT device and known potential misuses d. Secure software development and supply chain practices used e. Accreditation, certification, and/or evaluation results for cybersecurity-related practices",OTHER,True,data/raw/nist/nistir_8259b.pdf
NISTIR 8259B,Final,guidance,capability,Table 1: Documentation,Documentation - Element 4,13,"Document maintenance requirements for the IoT device, such
as:
a. Cybersecurity maintenance expectations and associated
instructions or procedures for the customer (e.g., account
management, local and/or remote maintenance activities,
and vulnerability/patch management plan)
b. When maintenance will be performed by supporting
parties that will need access (remote or onsite) to
customer’s IoT devices and their information security
contract requirements
c. Cybersecurity considerations of the maintenance process
(e.g., how does customer data unrelated to the
maintenance process remain confidential even to
maintainers)","Document maintenance requirements for the IoT device, such as: a. Cybersecurity maintenance expectations and associated instructions or procedures for the customer (e.g., account management, local and/or remote maintenance activities, and vulnerability/patch management plan) b. When maintenance will be performed by supporting parties that will need access (remote or onsite) to customer’s IoT devices and their information security contract requirements c. Cybersecurity considerations of the maintenance process (e.g., how does customer data unrelated to the maintenance process remain confidential even to maintainers)",OTHER,True,data/raw/nist/nistir_8259b.pdf
NISTIR 8259B,Final,guidance,capability,Table 1: Information and Query Reception,Information and Query Reception - Element 1,14,"The ability for the manufacturer and/or supporting entity to
receive maintenance and vulnerability information (e.g., bug
reporting capabilities and bug bounty programs) from their
customers and others in the IoT device ecosystem","The ability for the manufacturer and/or supporting entity to receive maintenance and vulnerability information (e.g., bug reporting capabilities and bug bounty programs) from their customers and others in the IoT device ecosystem",OTHER,True,data/raw/nist/nistir_8259b.pdf
NISTIR 8259B,Final,guidance,capability,Table 1: Information and Query Reception,Information and Query Reception - Element 2,14,"The ability for the manufacturer and/or supporting entity to
respond to customer and third-party queries about
cybersecurity of the IoT device (e.g., customer support).","The ability for the manufacturer and/or supporting entity to respond to customer and third-party queries about cybersecurity of the IoT device (e.g., customer support).",OTHER,True,data/raw/nist/nistir_8259b.pdf
NISTIR 8259B,Final,guidance,capability,Table 1: Information Dissemination,Information Dissemination - Element 1,15,"The procedures to support the ability for the manufacturer
and/or supporting entity to alert customers of the IoT device
and others about cybersecurity relevant information such as:
a. Applicable documentation captured during the design
and development of the IoT device
b. Software update terms of support (e.g., frequency of
updates and mechanism(s) of application) and notice of
availability and/or application of software updates
c. End of term of support or functionality for the IoT device
d. Needed maintenance operations
e. Cybersecurity and vulnerability alerts and information
about resolution of any vulnerability
f. An overview of the information security practices and
safeguards used by the manufacturer and/or supporting
entity
g. Accreditation, certification, and/or evaluation results for
the manufacturer and/or supporting entity’s
cybersecurity-related practices
h. A risk assessment report or summary for the
manufacturer’s business environment risk posture","The procedures to support the ability for the manufacturer and/or supporting entity to alert customers of the IoT device and others about cybersecurity relevant information such as: a. Applicable documentation captured during the design and development of the IoT device b. Software update terms of support (e.g., frequency of updates and mechanism(s) of application) and notice of availability and/or application of software updates c. End of term of support or functionality for the IoT device d. Needed maintenance operations e. Cybersecurity and vulnerability alerts and information about resolution of any vulnerability f. An overview of the information security practices and safeguards used by the manufacturer and/or supporting entity g. Accreditation, certification, and/or evaluation results for the manufacturer and/or supporting entity’s cybersecurity-related practices h. A risk assessment report or summary for the manufacturer’s business environment risk posture",OTHER,True,data/raw/nist/nistir_8259b.pdf
NISTIR 8259B,Final,guidance,capability,Table 1: Information Dissemination,Information Dissemination - Element 2,15,"The procedures to support the ability for the manufacturer
and/or supporting entity to notify customers of cybersecurity-
related events and information related to an IoT device
throughout the support lifecycle, such as:
a. New IoT device vulnerabilities, associated details, and
mitigation actions
b. Breach discovery related to an IoT device used by the
customers and explanations of how to make any
associated fixes or actions to prevent similar breaches of
other devices.","The procedures to support the ability for the manufacturer and/or supporting entity to notify customers of cybersecurity- related events and information related to an IoT device throughout the support lifecycle, such as: a. New IoT device vulnerabilities, associated details, and mitigation actions b. Breach discovery related to an IoT device used by the customers and explanations of how to make any associated fixes or actions to prevent similar breaches of other devices.",OTHER,True,data/raw/nist/nistir_8259b.pdf
NISTIR 8259B,Final,guidance,capability,Table 1: Device Education and Awareness,Device Education and Awareness - Element 1,16,"Educate customers of the IoT device and others in the
ecosystem about the presence and use of device
cybersecurity capabilities. For example, it may be important
to educate customers and others about:
a. How to use device identifiers
b. How to change configuration settings
c. How to configure and use access control functionality
d. How to use software update functionality, including
aspects such as update validation and/or rollback that
may be part of the device cybersecurity capability.","Educate customers of the IoT device and others in the ecosystem about the presence and use of device cybersecurity capabilities. For example, it may be important to educate customers and others about: a. How to use device identifiers b. How to change configuration settings c. How to configure and use access control functionality d. How to use software update functionality, including aspects such as update validation and/or rollback that may be part of the device cybersecurity capability.",OTHER,True,data/raw/nist/nistir_8259b.pdf
NISTIR 8259B,Final,guidance,capability,Table 1: Device Education and Awareness,Device Education and Awareness - Element 2,16,"Educate customers and others about how an IoT device can
be securely reprovisioned or disposed of.",Educate customers and others about how an IoT device can be securely reprovisioned or disposed of.,OTHER,True,data/raw/nist/nistir_8259b.pdf
NISTIR 8259B,Final,guidance,capability,Table 1: Device Education and Awareness,Device Education and Awareness - Element 3,16,"Make customers and others aware of their cybersecurity
responsibilities related to the IoT device and how
responsibilities may be shared between them and others,
such as the IoT device manufacturer. (e.g., related to
maintenance of the IoT device)","Make customers and others aware of their cybersecurity responsibilities related to the IoT device and how responsibilities may be shared between them and others, such as the IoT device manufacturer. (e.g., related to maintenance of the IoT device)",OTHER,True,data/raw/nist/nistir_8259b.pdf
NISTIR 8259B,Final,guidance,capability,Table 1: Device Education and Awareness,Device Education and Awareness - Element 4,16,"Make customers and others aware of key assumptions and
expectations related to the cybersecurity of the IoT device
that were documented, throughout the full lifecycle of use of
the IoT devices, taking into consideration the purpose of the
IoT device and the intended uses. Such assumptions should
include key dependencies of the IoT device that impact
cybersecurity (e.g., connectivity requirements and use of
third-party services when in operation).","Make customers and others aware of key assumptions and expectations related to the cybersecurity of the IoT device that were documented, throughout the full lifecycle of use of the IoT devices, taking into consideration the purpose of the IoT device and the intended uses. Such assumptions should include key dependencies of the IoT device that impact cybersecurity (e.g., connectivity requirements and use of third-party services when in operation).",SHOULD,True,data/raw/nist/nistir_8259b.pdf
NISTIR 8259B,Final,guidance,capability,Table 1: Device Education and Awareness,Device Education and Awareness - Element 5,16,"Educate customers and others about how to back-up the data
collected from or derived by the IoT device and how to
access such data that is stored in cloud storage or other
repositories.",Educate customers and others about how to back-up the data collected from or derived by the IoT device and how to access such data that is stored in cloud storage or other repositories.,OTHER,True,data/raw/nist/nistir_8259b.pdf
NISTIR 8259B,Final,guidance,capability,Table 1: Device Education and Awareness,Device Education and Awareness - Element 6,16,"Educate customers and others about vulnerability
management options (e.g., configuration and patch
management and anti-malware) available for the IoT device
or associated system that could be used by customers.","Educate customers and others about vulnerability management options (e.g., configuration and patch management and anti-malware) available for the IoT device or associated system that could be used by customers.",OTHER,True,data/raw/nist/nistir_8259b.pdf
EU CRA,Regulation 2024/2847,regulation,requirement,Article 13 Obligations of manufacturers,Art. 13(1),,"1. When placing a product with digital elements on the market, manufacturers shall ensure that it has been designed, developed and produced in accordance with the essential cybersecurity requirements set out in Annex I, Part I.","1. When placing a product with digital elements on the market, manufacturers shall ensure that it has been designed, developed and produced in accordance with the essential cybersecurity requirements set out in Annex I, Part I.",SHALL,True,data/raw/cra/cra_regulation_2024_2847.html
EU CRA,Regulation 2024/2847,regulation,requirement,Article 13 Obligations of manufacturers,Art. 13(2),,"2. For the purposes of complying with the obligation laid down in paragraph 1, manufacturers shall undertake an assessment of the cybersecurity risks associated with a product with digital elements and take the outcome of that assessment into account during the planning, design, development, production, delivery and maintenance phases of the product with digital elements with a view to minimising cybersecurity risks, preventing cybersecurity incidents and minimising the impact of such incidents, including in relation to the health and safety of users.","2. For the purposes of complying with the obligation laid down in paragraph 1, manufacturers shall undertake an assessment of the cybersecurity risks associated with a product with digital elements and take the outcome of that assessment into account during the planning, design, development, production, delivery and maintenance phases of the product with digital elements with a view to minimising cybersecurity risks, preventing cybersecurity incidents and minimising the impact of such incidents, including in relation to the health and safety of users.",SHALL,True,data/raw/cra/cra_regulation_2024_2847.html
EU CRA,Regulation 2024/2847,regulation,requirement,Article 13 Obligations of manufacturers,Art. 13(3),,"3. When placing a product with digital elements on the market, the manufacturer shall include a cybersecurity risk assessment in the technical documentation as set out in Article 31 and Annex VII.","3. When placing a product with digital elements on the market, the manufacturer shall include a cybersecurity risk assessment in the technical documentation as set out in Article 31 and Annex VII.",SHALL,True,data/raw/cra/cra_regulation_2024_2847.html
EU CRA,Regulation 2024/2847,regulation,requirement,Article 13 Obligations of manufacturers,Art. 13(4),,"4. For the purpose of complying with the obligation laid down in paragraph 1, manufacturers shall exercise due diligence when integrating components sourced from third parties in products with digital elements.","4. For the purpose of complying with the obligation laid down in paragraph 1, manufacturers shall exercise due diligence when integrating components sourced from third parties in products with digital elements.",SHALL,True,data/raw/cra/cra_regulation_2024_2847.html
EU CRA,Regulation 2024/2847,regulation,requirement,Article 13 Obligations of manufacturers,Art. 13(5),,"5. Manufacturers shall systematically document, in a manner that is proportionate to the nature and the cybersecurity risks, relevant cybersecurity aspects concerning the product with digital elements, including vulnerabilities of which they become aware and any relevant information provided by third parties, and, where applicable, update the risk assessment of the product.","5. Manufacturers shall systematically document, in a manner that is proportionate to the nature and the cybersecurity risks, relevant cybersecurity aspects concerning the product with digital elements, including vulnerabilities of which they become aware and any relevant information provided by third parties, and, where applicable, update the risk assessment of the product.",SHALL,True,data/raw/cra/cra_regulation_2024_2847.html
EU CRA,Regulation 2024/2847,regulation,requirement,Article 13 Obligations of manufacturers,Art. 13(6),,"6. When placing a product with digital elements on the market, and for the expected product lifetime or for a period of at least five years from the placing of the product with digital elements on the market, whichever is shorter, manufacturers shall ensure that vulnerabilities of that product are handled effectively and in accordance with the essential cybersecurity requirements set out in Annex I, Part II.","6. When placing a product with digital elements on the market, and for the expected product lifetime or for a period of at least five years from the placing of the product with digital elements on the market, whichever is shorter, manufacturers shall ensure that vulnerabilities of that product are handled effectively and in accordance with the essential cybersecurity requirements set out in Annex I, Part II.",SHALL,True,data/raw/cra/cra_regulation_2024_2847.html
EU CRA,Regulation 2024/2847,regulation,requirement,Article 13 Obligations of manufacturers,Art. 13(7),,7. Manufacturers shall ensure that each product with digital elements is accompanied by the information and instructions to the user set out in Annex II.,7. Manufacturers shall ensure that each product with digital elements is accompanied by the information and instructions to the user set out in Annex II.,SHALL,True,data/raw/cra/cra_regulation_2024_2847.html
EU CRA,Regulation 2024/2847,regulation,requirement,Annex I Part I Essential cybersecurity requirements,"Annex I, Part I, 1",,"1. Products with digital elements shall be designed, developed and produced in such a way that they ensure an appropriate level of cybersecurity based on the risks.","1. Products with digital elements shall be designed, developed and produced in such a way that they ensure an appropriate level of cybersecurity based on the risks.",SHALL,True,data/raw/cra/cra_regulation_2024_2847.html
EU CRA,Regulation 2024/2847,regulation,requirement,Annex I Part I Essential cybersecurity requirements,"Annex I, Part I, 2(a)",,"2. On the basis of the cybersecurity risk assessment referred to in Article 13(2) and where applicable, products with digital elements shall:
(a) be made available on the market without known exploitable vulnerabilities;","On the basis of the cybersecurity risk assessment referred to in Article 13(2) and where applicable, products with digital elements shall: (a) be made available on the market without known exploitable vulnerabilities;",SHALL,True,data/raw/cra/cra_regulation_2024_2847.html
EU CRA,Regulation 2024/2847,regulation,requirement,Annex I Part I Essential cybersecurity requirements,"Annex I, Part I, 2(b)",,"2. On the basis of the cybersecurity risk assessment referred to in Article 13(2) and where applicable, products with digital elements shall:
(b) be made available on the market with a secure by default configuration, including the possibility to reset the product to its original state;","On the basis of the cybersecurity risk assessment referred to in Article 13(2) and where applicable, products with digital elements shall: (b) be made available on the market with a secure by default configuration, including the possibility to reset the product to its original state;",SHALL,True,data/raw/cra/cra_regulation_2024_2847.html
EU CRA,Regulation 2024/2847,regulation,requirement,Annex I Part I Essential cybersecurity requirements,"Annex I, Part I, 2(c)",,"2. On the basis of the cybersecurity risk assessment referred to in Article 13(2) and where applicable, products with digital elements shall:
(c) ensure that vulnerabilities can be addressed through security updates, including, where applicable, through automatic updates and the notification of available updates to users;","On the basis of the cybersecurity risk assessment referred to in Article 13(2) and where applicable, products with digital elements shall: (c) ensure that vulnerabilities can be addressed through security updates, including, where applicable, through automatic updates and the notification of available updates to users;",SHALL,True,data/raw/cra/cra_regulation_2024_2847.html
EU CRA,Regulation 2024/2847,regulation,requirement,Annex I Part I Essential cybersecurity requirements,"Annex I, Part I, 2(d)",,"2. On the basis of the cybersecurity risk assessment referred to in Article 13(2) and where applicable, products with digital elements shall:
(d) ensure protection from unauthorised access by appropriate control mechanisms, including but not limited to authentication, identity or access management systems, and report on possible unauthorised access;","On the basis of the cybersecurity risk assessment referred to in Article 13(2) and where applicable, products with digital elements shall: (d) ensure protection from unauthorised access by appropriate control mechanisms, including but not limited to authentication, identity or access management systems, and report on possible unauthorised access;",SHALL,True,data/raw/cra/cra_regulation_2024_2847.html
EU CRA,Regulation 2024/2847,regulation,requirement,Annex I Part I Essential cybersecurity requirements,"Annex I, Part I, 2(e)",,"2. On the basis of the cybersecurity risk assessment referred to in Article 13(2) and where applicable, products with digital elements shall:
(e) protect the confidentiality of stored, transmitted or otherwise processed data, personal or other, such as by encrypting relevant data at rest or in transit by state of the art mechanisms;","On the basis of the cybersecurity risk assessment referred to in Article 13(2) and where applicable, products with digital elements shall: (e) protect the confidentiality of stored, transmitted or otherwise processed data, personal or other, such as by encrypting relevant data at rest or in transit by state of the art mechanisms;",SHALL,True,data/raw/cra/cra_regulation_2024_2847.html
EU CRA,Regulation 2024/2847,regulation,requirement,Annex I Part I Essential cybersecurity requirements,"Annex I, Part I, 2(f)",,"2. On the basis of the cybersecurity risk assessment referred to in Article 13(2) and where applicable, products with digital elements shall:
(f) protect the integrity of stored, transmitted or otherwise processed data, personal or other, commands, programs and configuration against any manipulation or modification not authorised by the user, as well as report on corruptions;","On the basis of the cybersecurity risk assessment referred to in Article 13(2) and where applicable, products with digital elements shall: (f) protect the integrity of stored, transmitted or otherwise processed data, personal or other, commands, programs and configuration against any manipulation or modification not authorised by the user, as well as report on corruptions;",SHALL,True,data/raw/cra/cra_regulation_2024_2847.html
EU CRA,Regulation 2024/2847,regulation,requirement,Annex I Part I Essential cybersecurity requirements,"Annex I, Part I, 2(g)",,"2. On the basis of the cybersecurity risk assessment referred to in Article 13(2) and where applicable, products with digital elements shall:
(g) process only data, personal or other, that are adequate, relevant and limited to what is necessary in relation to the intended use of the product with digital elements (data minimisation);","On the basis of the cybersecurity risk assessment referred to in Article 13(2) and where applicable, products with digital elements shall: (g) process only data, personal or other, that are adequate, relevant and limited to what is necessary in relation to the intended use of the product with digital elements (data minimisation);",SHALL,True,data/raw/cra/cra_regulation_2024_2847.html
EU CRA,Regulation 2024/2847,regulation,requirement,Annex I Part I Essential cybersecurity requirements,"Annex I, Part I, 2(h)",,"2. On the basis of the cybersecurity risk assessment referred to in Article 13(2) and where applicable, products with digital elements shall:
(h) protect the availability of essential and basic functions, including the resilience against and mitigation of denial of service attacks;","On the basis of the cybersecurity risk assessment referred to in Article 13(2) and where applicable, products with digital elements shall: (h) protect the availability of essential and basic functions, including the resilience against and mitigation of denial of service attacks;",SHALL,True,data/raw/cra/cra_regulation_2024_2847.html
EU CRA,Regulation 2024/2847,regulation,requirement,Annex I Part I Essential cybersecurity requirements,"Annex I, Part I, 2(i)",,"2. On the basis of the cybersecurity risk assessment referred to in Article 13(2) and where applicable, products with digital elements shall:
(i) minimise the negative impact of the product itself or connected devices on the availability of services provided by other devices or networks;","On the basis of the cybersecurity risk assessment referred to in Article 13(2) and where applicable, products with digital elements shall: (i) minimise the negative impact of the product itself or connected devices on the availability of services provided by other devices or networks;",SHALL,True,data/raw/cra/cra_regulation_2024_2847.html
EU CRA,Regulation 2024/2847,regulation,requirement,Annex I Part I Essential cybersecurity requirements,"Annex I, Part I, 2(j)",,"2. On the basis of the cybersecurity risk assessment referred to in Article 13(2) and where applicable, products with digital elements shall:
(j) be designed, developed and produced to limit attack surfaces, including external interfaces;","On the basis of the cybersecurity risk assessment referred to in Article 13(2) and where applicable, products with digital elements shall: (j) be designed, developed and produced to limit attack surfaces, including external interfaces;",SHALL,True,data/raw/cra/cra_regulation_2024_2847.html
EU CRA,Regulation 2024/2847,regulation,requirement,Annex I Part I Essential cybersecurity requirements,"Annex I, Part I, 2(k)",,"2. On the basis of the cybersecurity risk assessment referred to in Article 13(2) and where applicable, products with digital elements shall:
(k) be designed, developed and produced to reduce the impact of an incident using appropriate exploitation mitigation mechanisms and techniques;","On the basis of the cybersecurity risk assessment referred to in Article 13(2) and where applicable, products with digital elements shall: (k) be designed, developed and produced to reduce the impact of an incident using appropriate exploitation mitigation mechanisms and techniques;",SHALL,True,data/raw/cra/cra_regulation_2024_2847.html
EU CRA,Regulation 2024/2847,regulation,requirement,Annex I Part I Essential cybersecurity requirements,"Annex I, Part I, 2(l)",,"2. On the basis of the cybersecurity risk assessment referred to in Article 13(2) and where applicable, products with digital elements shall:
(l) provide security related information by recording and monitoring relevant internal activity, including the logging of events and the tamper resistance of such logs;","On the basis of the cybersecurity risk assessment referred to in Article 13(2) and where applicable, products with digital elements shall: (l) provide security related information by recording and monitoring relevant internal activity, including the logging of events and the tamper resistance of such logs;",SHALL,True,data/raw/cra/cra_regulation_2024_2847.html
EU CRA,Regulation 2024/2847,regulation,requirement,Annex I Part I Essential cybersecurity requirements,"Annex I, Part I, 2(m)",,"2. On the basis of the cybersecurity risk assessment referred to in Article 13(2) and where applicable, products with digital elements shall:
(m) provide the possibility for users to securely and easily remove all data and functionality.","On the basis of the cybersecurity risk assessment referred to in Article 13(2) and where applicable, products with digital elements shall: (m) provide the possibility for users to securely and easily remove all data and functionality.",SHALL,True,data/raw/cra/cra_regulation_2024_2847.html
EU CRA,Regulation 2024/2847,regulation,requirement,Annex I Part I Essential cybersecurity requirements,"Annex I, Part I, 3",,"3. Products with digital elements shall be delivered with appropriate documentation that enables the user to securely integrate, configure, commission and operate the product.","3. Products with digital elements shall be delivered with appropriate documentation that enables the user to securely integrate, configure, commission and operate the product.",SHALL,True,data/raw/cra/cra_regulation_2024_2847.html
EU CRA,Regulation 2024/2847,regulation,requirement,Annex I Part II Vulnerability handling requirements,"Annex I, Part II, 1",,"Manufacturers of products with digital elements shall:
identify and document vulnerabilities and components contained in products with digital elements, including by drawing up a software bill of materials in a commonly used and machine-readable format covering at the very least the top-level dependencies of the products;","Manufacturers of products with digital elements shall: identify and document vulnerabilities and components contained in products with digital elements, including by drawing up a software bill of materials in a commonly used and machine-readable format covering at the very least the top-level dependencies of the products;",SHALL,True,data/raw/cra/cra_regulation_2024_2847.html
EU CRA,Regulation 2024/2847,regulation,requirement,Annex I Part II Vulnerability handling requirements,"Annex I, Part II, 2",,"Manufacturers of products with digital elements shall:
in relation to the risks posed to the products with digital elements, address and remediate vulnerabilities without delay, including by providing security updates;","Manufacturers of products with digital elements shall: in relation to the risks posed to the products with digital elements, address and remediate vulnerabilities without delay, including by providing security updates;",SHALL,True,data/raw/cra/cra_regulation_2024_2847.html
EU CRA,Regulation 2024/2847,regulation,requirement,Annex I Part II Vulnerability handling requirements,"Annex I, Part II, 3",,"Manufacturers of products with digital elements shall:
apply effective and regular tests and reviews of the security of the product with digital elements;",Manufacturers of products with digital elements shall: apply effective and regular tests and reviews of the security of the product with digital elements;,SHALL,True,data/raw/cra/cra_regulation_2024_2847.html
EU CRA,Regulation 2024/2847,regulation,requirement,Annex I Part II Vulnerability handling requirements,"Annex I, Part II, 4",,"Manufacturers of products with digital elements shall:
once a security update has been made available, share and publicly disclose information about the fixed vulnerabilities, including a description of the vulnerabilities, information enabling users to identify the product with digital elements affected, the impacts of the vulnerabilities, their severity and clear information helping users to remediate the vulnerabilities;","Manufacturers of products with digital elements shall: once a security update has been made available, share and publicly disclose information about the fixed vulnerabilities, including a description of the vulnerabilities, information enabling users to identify the product with digital elements affected, the impacts of the vulnerabilities, their severity and clear information helping users to remediate the vulnerabilities;",SHALL,True,data/raw/cra/cra_regulation_2024_2847.html
EU CRA,Regulation 2024/2847,regulation,requirement,Annex I Part II Vulnerability handling requirements,"Annex I, Part II, 5",,"Manufacturers of products with digital elements shall:
put in place and enforce a policy on coordinated vulnerability disclosure;",Manufacturers of products with digital elements shall: put in place and enforce a policy on coordinated vulnerability disclosure;,SHALL,True,data/raw/cra/cra_regulation_2024_2847.html
EU CRA,Regulation 2024/2847,regulation,requirement,Annex I Part II Vulnerability handling requirements,"Annex I, Part II, 6",,"Manufacturers of products with digital elements shall:
facilitate the sharing of information about potential vulnerabilities in their product with digital elements as well as in third party components contained in that product, including by providing a contact address for the reporting of the vulnerabilities;","Manufacturers of products with digital elements shall: facilitate the sharing of information about potential vulnerabilities in their product with digital elements as well as in third party components contained in that product, including by providing a contact address for the reporting of the vulnerabilities;",SHALL,True,data/raw/cra/cra_regulation_2024_2847.html
EU CRA,Regulation 2024/2847,regulation,requirement,Annex I Part II Vulnerability handling requirements,"Annex I, Part II, 7",,"Manufacturers of products with digital elements shall:
provide for mechanisms to securely distribute updates for products with digital elements to ensure that exploitable vulnerabilities are fixed or mitigated in a timely manner;",Manufacturers of products with digital elements shall: provide for mechanisms to securely distribute updates for products with digital elements to ensure that exploitable vulnerabilities are fixed or mitigated in a timely manner;,SHALL,True,data/raw/cra/cra_regulation_2024_2847.html
EU CRA,Regulation 2024/2847,regulation,requirement,Annex I Part II Vulnerability handling requirements,"Annex I, Part II, 8",,"Manufacturers of products with digital elements shall:
ensure that where security patches or updates are available to address identified security issues, they are disseminated without delay and, unless otherwise agreed by an enterprise user, free of charge, accompanied by advisory messages providing users with the relevant information.","Manufacturers of products with digital elements shall: ensure that where security patches or updates are available to address identified security issues, they are disseminated without delay and, unless otherwise agreed by an enterprise user, free of charge, accompanied by advisory messages providing users with the relevant information.",SHALL,True,data/raw/cra/cra_regulation_2024_2847.html
EU CRA,Regulation 2024/2847,regulation,requirement,Annex II Information and instructions to the user,"Annex II, 1",,"As a minimum, the product with digital elements shall be accompanied by:
the name, registered trade name or registered trade mark of the manufacturer, and the postal address, email address or other digital contact at which the manufacturer can be contacted;","As a minimum, the product with digital elements shall be accompanied by: the name, registered trade name or registered trade mark of the manufacturer, and the postal address, email address or other digital contact at which the manufacturer can be contacted;",SHALL,True,data/raw/cra/cra_regulation_2024_2847.html
EU CRA,Regulation 2024/2847,regulation,requirement,Annex II Information and instructions to the user,"Annex II, 2",,"As a minimum, the product with digital elements shall be accompanied by:
the point of contact where vulnerabilities of the product with digital elements can be reported and received, and where the manufacturer’s coordinated vulnerability disclosure policy can be found;","As a minimum, the product with digital elements shall be accompanied by: the point of contact where vulnerabilities of the product with digital elements can be reported and received, and where the manufacturer’s coordinated vulnerability disclosure policy can be found;",SHALL,True,data/raw/cra/cra_regulation_2024_2847.html
EU CRA,Regulation 2024/2847,regulation,requirement,Annex II Information and instructions to the user,"Annex II, 3",,"As a minimum, the product with digital elements shall be accompanied by:
the identification of the product with digital elements, including the type, batch or serial number or other element allowing identification;","As a minimum, the product with digital elements shall be accompanied by: the identification of the product with digital elements, including the type, batch or serial number or other element allowing identification;",SHALL,True,data/raw/cra/cra_regulation_2024_2847.html
EU CRA,Regulation 2024/2847,regulation,requirement,Annex II Information and instructions to the user,"Annex II, 4",,"As a minimum, the product with digital elements shall be accompanied by:
the intended use of the product with digital elements, including the security environment provided by the manufacturer, as well as the product’s essential cybersecurity characteristics;","As a minimum, the product with digital elements shall be accompanied by: the intended use of the product with digital elements, including the security environment provided by the manufacturer, as well as the product’s essential cybersecurity characteristics;",SHALL,True,data/raw/cra/cra_regulation_2024_2847.html
EU CRA,Regulation 2024/2847,regulation,requirement,Annex II Information and instructions to the user,"Annex II, 5",,"As a minimum, the product with digital elements shall be accompanied by:
the minimum support period during which the manufacturer will provide security updates, including the end date of that period where available;","As a minimum, the product with digital elements shall be accompanied by: the minimum support period during which the manufacturer will provide security updates, including the end date of that period where available;",SHALL,True,data/raw/cra/cra_regulation_2024_2847.html
EU CRA,Regulation 2024/2847,regulation,requirement,Annex II Information and instructions to the user,"Annex II, 6",,"As a minimum, the product with digital elements shall be accompanied by:
detailed instructions on how to securely commission, configure, operate and decommission the product with digital elements, including instructions on security updates and password management.","As a minimum, the product with digital elements shall be accompanied by: detailed instructions on how to securely commission, configure, operate and decommission the product with digital elements, including instructions on security updates and password management.",SHALL,True,data/raw/cra/cra_regulation_2024_2847.html
UK PSTI,SI 2023/1007,regulation,requirement,Schedule 1: Passwords,"Schedule 1, Paragraph 1(2)",,"(2) Passwords must be—
(a)unique per product; or 
(b)defined by the user of the product. ",(2) Passwords must be— (a)unique per product; or (b)defined by the user of the product.,MUST,True,data/raw/psti/uk_psti_2023_1007.html
UK PSTI,SI 2023/1007,regulation,requirement,Schedule 1: Passwords,"Schedule 1, Paragraph 1(3)",,"(3) Passwords which are unique per product must not be—
(a)based on incremental counters; 
(b)based on or derived from publicly available information; 
(c)based on or derived from unique product identifiers, such as serial numbers, unless this is done using an encryption method, or keyed hashing algorithm, that is accepted as part of good industry practice; 
(d)otherwise guessable in a manner unacceptable as part of good industry practice. ","(3) Passwords which are unique per product must not be— (a)based on incremental counters; (b)based on or derived from publicly available information; (c)based on or derived from unique product identifiers, such as serial numbers, unless this is done using an encryption method, or keyed hashing algorithm, that is accepted as part of good industry practice; (d)otherwise guessable in a manner unacceptable as part of good industry practice.",MUST,True,data/raw/psti/uk_psti_2023_1007.html
UK PSTI,SI 2023/1007,regulation,requirement,Schedule 1: Information on how to report security issues,"Schedule 1, Paragraph 2(2)",,"(2) The following information must be published—
(a)at least one point of contact to allow a person (“P”) to report to the manufacturer security issues relating to the categories listed in sub-paragraph (1) for any of the manufacturer’s relevant connectable products for which they have an obligation under section 8 (duty to comply with security requirements); and 
(b)when P will receive— 
(i)an acknowledgment of the receipt of a security issues report; and 
(ii)status updates until the resolution of the reported security issues. ",(2) The following information must be published— (a)at least one point of contact to allow a person (“P”) to report to the manufacturer security issues relating to the categories listed in sub-paragraph (1) for any of the manufacturer’s relevant connectable products for which they have an obligation under section 8 (duty to comply with security requirements); and (b)when P will receive— (i)an acknowledgment of the receipt of a security issues report; and (ii)status updates until the resolution of the reported security issues.,MUST,True,data/raw/psti/uk_psti_2023_1007.html
UK PSTI,SI 2023/1007,regulation,requirement,Schedule 1: Information on how to report security issues,"Schedule 1, Paragraph 2(3)",,"(3) The information in sub-paragraph (2) must be accessible, clear and transparent, and must be made available to P—
(a)without prior request for such information being made; 
(b)in English; 
(c)free of charge; and 
(d)without requesting the provision of P’s personal information. ","(3) The information in sub-paragraph (2) must be accessible, clear and transparent, and must be made available to P— (a)without prior request for such information being made; (b)in English; (c)free of charge; and (d)without requesting the provision of P’s personal information.",MUST,True,data/raw/psti/uk_psti_2023_1007.html
UK PSTI,SI 2023/1007,regulation,requirement,Schedule 1: Information on minimum security update periods,"Schedule 1, Paragraph 3(2)",,"(2) The defined support period must be published.",(2) The defined support period must be published.,MUST,True,data/raw/psti/uk_psti_2023_1007.html
UK PSTI,SI 2023/1007,regulation,requirement,Schedule 1: Information on minimum security update periods,"Schedule 1, Paragraph 3(3)",,"(3) If a manufacturer extends the minimum length of time for which security updates will be provided, creating a new defined support period, the new defined support must be published as soon as is practicable.","(3) If a manufacturer extends the minimum length of time for which security updates will be provided, creating a new defined support period, the new defined support must be published as soon as is practicable.",MUST,True,data/raw/psti/uk_psti_2023_1007.html
UK PSTI,SI 2023/1007,regulation,requirement,Schedule 1: Information on minimum security update periods,"Schedule 1, Paragraph 3(4)",,"(4) The information in sub-paragraphs (2) and (3) must be accessible, clear and transparent, and must be made available to a person (“P”)—
(a)without prior request for such information being made; 
(b)in English; 
(c)free of charge; 
(d)without requesting the provision of P’s personal information; and 
(e)in such a way that is understandable by a reader without prior technical knowledge. ","(4) The information in sub-paragraphs (2) and (3) must be accessible, clear and transparent, and must be made available to a person (“P”)— (a)without prior request for such information being made; (b)in English; (c)free of charge; (d)without requesting the provision of P’s personal information; and (e)in such a way that is understandable by a reader without prior technical knowledge.",MUST,True,data/raw/psti/uk_psti_2023_1007.html
UK PSTI,SI 2023/1007,regulation,requirement,Schedule 1: Information on minimum security update periods,"Schedule 1, Paragraph 3(5)",,"(5) Where a manufacturer publishes an invitation to purchase a relevant connectable product on its own website or on a non-paid for website under its control that contains information described in regulation 6(4)(a) of the 2008 Regulations, the information in sub-paragraphs (2) and (3) must be published alongside or otherwise given equal prominence to the information described in that regulation.","(5) Where a manufacturer publishes an invitation to purchase a relevant connectable product on its own website or on a non-paid for website under its control that contains information described in regulation 6(4)(a) of the 2008 Regulations, the information in sub-paragraphs (2) and (3) must be published alongside or otherwise given equal prominence to the information described in that regulation.",MUST,True,data/raw/psti/uk_psti_2023_1007.html
UK PSTI,SI 2023/1007,regulation,requirement,Schedule 1: Information on minimum security update periods,"Schedule 1, Paragraph 3(6)",,"(6) The security requirements in this paragraph are not met if the defined support period is shortened after the publication of the information in sub-paragraph (2).",(6) The security requirements in this paragraph are not met if the defined support period is shortened after the publication of the information in sub-paragraph (2).,OTHER,True,data/raw/psti/uk_psti_2023_1007.html
UK PSTI,SI 2023/1007,regulation,requirement,Schedule 2: Passwords,"Schedule 2, Paragraph 1(2)",,"(2) The condition is that the manufacturer complies with provision 5.1-1 of ETSI EN 303 645 and, where relevant, provision 5.1-2 of ETSI EN 303 645 as if those provisions apply to the categories of hardware and software specified in paragraph 1(1) of Schedule 1.","(2) The condition is that the manufacturer complies with provision 5.1-1 of ETSI EN 303 645 and, where relevant, provision 5.1-2 of ETSI EN 303 645 as if those provisions apply to the categories of hardware and software specified in paragraph 1(1) of Schedule 1.",OTHER,True,data/raw/psti/uk_psti_2023_1007.html
UK PSTI,SI 2023/1007,regulation,requirement,Schedule 2: Information on how to report security issues,"Schedule 2, Paragraph 2(2)",,"(2) The condition is that the manufacturer complies with—
(a)provision 5.2-1 of ETSI EN 303 645; or 
(b)subject to sub-paragraphs (3) and (4), the following paragraphs of ISO/IEC 29147— 
(i)paragraph 6.2.2; 
(ii)paragraph 6.2.5; and 
(iii)paragraph 6.5 ","(2) The condition is that the manufacturer complies with— (a)provision 5.2-1 of ETSI EN 303 645; or (b)subject to sub-paragraphs (3) and (4), the following paragraphs of ISO/IEC 29147— (i)paragraph 6.2.2; (ii)paragraph 6.2.5; and (iii)paragraph 6.5",OTHER,True,data/raw/psti/uk_psti_2023_1007.html
UK PSTI,SI 2023/1007,regulation,requirement,Schedule 2: Information on how to report security issues,"Schedule 2, Paragraph 2(3)",,"(3) A manufacturer is required to publish information as to—
(a)how a person may access the mechanism for the manufacturer to receive reports described in paragraph 6.2.2 of ISO/IEC 29147; 
(b)when a person making a vulnerability report will receive an acknowledgement of receipt of a report described in paragraph 6.2.5 of ISO/IEC 29147; and 
(c)when a person making a vulnerability report will receive ongoing communication as described in paragraph 6.5 of ISO/IEC 29147 ",(3) A manufacturer is required to publish information as to— (a)how a person may access the mechanism for the manufacturer to receive reports described in paragraph 6.2.2 of ISO/IEC 29147; (b)when a person making a vulnerability report will receive an acknowledgement of receipt of a report described in paragraph 6.2.5 of ISO/IEC 29147; and (c)when a person making a vulnerability report will receive ongoing communication as described in paragraph 6.5 of ISO/IEC 29147,OTHER,True,data/raw/psti/uk_psti_2023_1007.html
UK PSTI,SI 2023/1007,regulation,requirement,Schedule 2: Information on how to report security issues,"Schedule 2, Paragraph 2(4)",,"(4) The information at sub-paragraph (3) must be accessible, clear and transparent, and must be made available to a person (“P”)—
(a)without prior request for such information being made; 
(b)in English; 
(c)free of charge; and 
(d)without requesting the provision of P’s personal information. ","(4) The information at sub-paragraph (3) must be accessible, clear and transparent, and must be made available to a person (“P”)— (a)without prior request for such information being made; (b)in English; (c)free of charge; and (d)without requesting the provision of P’s personal information.",MUST,True,data/raw/psti/uk_psti_2023_1007.html
UK PSTI,SI 2023/1007,regulation,requirement,Schedule 2: Information on minimum security update periods,"Schedule 2, Paragraph 3(2)",,"(2) The condition is that, subject to sub-paragraphs (3), (5) and (6) of paragraph 3 of Schedule 1 and to sub-paragraphs (3) and (4), the manufacturer complies with provision 5.3-13 of ETSI EN 303 645 as if that provision applies to the categories of hardware and software specified in paragraph 3(1) of Schedule 1.","(2) The condition is that, subject to sub-paragraphs (3), (5) and (6) of paragraph 3 of Schedule 1 and to sub-paragraphs (3) and (4), the manufacturer complies with provision 5.3-13 of ETSI EN 303 645 as if that provision applies to the categories of hardware and software specified in paragraph 3(1) of Schedule 1.",OTHER,True,data/raw/psti/uk_psti_2023_1007.html
UK PSTI,SI 2023/1007,regulation,requirement,Schedule 2: Information on minimum security update periods,"Schedule 2, Paragraph 3(3)",,"(3) References at provision 5.3-13 of ETSI EN 303 645 to “defined support period” are to be construed in accordance with the definition in regulation 2.",(3) References at provision 5.3-13 of ETSI EN 303 645 to “defined support period” are to be construed in accordance with the definition in regulation 2.,OTHER,True,data/raw/psti/uk_psti_2023_1007.html
UK PSTI,SI 2023/1007,regulation,requirement,Schedule 2: Information on minimum security update periods,"Schedule 2, Paragraph 3(4)",,"(4) Reference at provision 5.3-13 of ETSI EN 303 645 to the information being published in an accessible way that is clear and transparent includes making the information available to a person (“P”)—
(a)without prior request for such information being made; 
(b)in English; 
(c)free of charge; 
(d)without requesting the provision of P’s personal information; and 
(e)in such a way that is understandable by a reader without prior technical knowledge. ",(4) Reference at provision 5.3-13 of ETSI EN 303 645 to the information being published in an accessible way that is clear and transparent includes making the information available to a person (“P”)— (a)without prior request for such information being made; (b)in English; (c)free of charge; (d)without requesting the provision of P’s personal information; and (e)in such a way that is understandable by a reader without prior technical knowledge.,OTHER,True,data/raw/psti/uk_psti_2023_1007.html
NIST IoT Catalog,Current Public,guidance,capability,Catalog: A.    Documentation from the Manufacturer,nontechnical_documentation-1,,"Establishing and providing communications that describe the suggested types of resources necessary to protect the associated information system(s) within which the IoT device will be deployed.
        
 ",Establishing and providing communications that describe the suggested types of resources necessary to protect the associated information system(s) within which the IoT device will be deployed.,OTHER,True,data/raw/nist/catalog/nontechnical_documentation.html
NIST IoT Catalog,Current Public,guidance,capability,Catalog: B.    Manufacturer Information and Query Reception,nontechnical_query-1,,"
Establish a customer services support communications capability to respond to customer calls and queries.
Manufacturers may need to create, or add responsibilities to, their service support / call center teams to answer questions from IoT device customers. Information that may be necessary to provide to IoT customers, as well as the manufacturer's' internal or external supporting call center staff, include details and actions such as:

Providing the details necessary for IoT device customers to contact the manufacturer's call center with questions, concerns, or to report potential security or privacy problems with their IoT device.
Establishing policies and procedures for call center staff to follow to verify the identity of customers.
Establishing policies and procedures for call center staff to follow to document IoT device customer calls.
Providing an online communications portal for IoT device customers to use to receive and respond to security questions, report areas of concern, and other IoT device related communications.

","Establish a customer services support communications capability to respond to customer calls and queries. Manufacturers may need to create, or add responsibilities to, their service support / call center teams to answer questions from IoT device customers. Information that may be necessary to provide to IoT customers, as well as the manufacturer's' internal or external supporting call center staff, include details and actions such as: Providing the details necessary for IoT device customers to contact the manufacturer's call center with questions, concerns, or to report potential security or privacy problems with their IoT device. Establishing policies and procedures for call center staff to follow to verify the identity of customers. Establishing policies and procedures for call center staff to follow to document IoT device customer calls. Providing an online communications portal for IoT device customers to use to receive and respond to security questions, report areas of concern, and other IoT device related communications.",OTHER,True,data/raw/nist/catalog/nontechnical_query.html
NIST IoT Catalog,Current Public,guidance,capability,Catalog: B.    Manufacturer Information and Query Reception,nontechnical_query-2,,Establishing policies and procedures for call center staff to follow to verify the identity of customers.,Establishing policies and procedures for call center staff to follow to verify the identity of customers.,OTHER,True,data/raw/nist/catalog/nontechnical_query.html
NIST IoT Catalog,Current Public,guidance,capability,Catalog: B.    Manufacturer Information and Query Reception,nontechnical_query-3,,Establishing policies and procedures for call center staff to follow to document IoT device customer calls.,Establishing policies and procedures for call center staff to follow to document IoT device customer calls.,OTHER,True,data/raw/nist/catalog/nontechnical_query.html
NIST IoT Catalog,Current Public,guidance,capability,Catalog: Device Configuration Control,technical_configuration-1,,Ability to change the device’s software configuration settings.,Ability to change the device’s software configuration settings.,OTHER,True,data/raw/nist/catalog/technical_configuration.html
NIST IoT Catalog,Current Public,guidance,capability,Catalog: Device Configuration Control,technical_configuration-2,,Ability for authorized entities to restore the device to a secure configuration defined by an authorized entity.,Ability for authorized entities to restore the device to a secure configuration defined by an authorized entity.,OTHER,True,data/raw/nist/catalog/technical_configuration.html
NIST IoT Catalog,Current Public,guidance,capability,Catalog: Device Configuration Control,technical_configuration-3,,"Ability for authorized entities to configure the cryptography use itself, such as choosing a key length.
    
Ability to configure any remote update mechanisms to be either automatically or manually initiated for update downloads and installations.
Ability to enable or disable notification when an update is available and specify who or what is to be notified.

","Ability for authorized entities to configure the cryptography use itself, such as choosing a key length. Ability to configure any remote update mechanisms to be either automatically or manually initiated for update downloads and installations. Ability to enable or disable notification when an update is available and specify who or what is to be notified.",OTHER,True,data/raw/nist/catalog/technical_configuration.html
NIST IoT Catalog,Current Public,guidance,capability,Catalog: Device Configuration Control,technical_configuration-4,,Ability to configure any remote update mechanisms to be either automatically or manually initiated for update downloads and installations.,Ability to configure any remote update mechanisms to be either automatically or manually initiated for update downloads and installations.,OTHER,True,data/raw/nist/catalog/technical_configuration.html
NIST IoT Catalog,Current Public,guidance,capability,Catalog: Device Configuration Control,technical_configuration-5,,Ability to enable or disable notification when an update is available and specify who or what is to be notified.,Ability to enable or disable notification when an update is available and specify who or what is to be notified.,OTHER,True,data/raw/nist/catalog/technical_configuration.html
NIST IoT Catalog,Current Public,guidance,capability,Catalog: Device Identification,technical_identity-1,,Ability to uniquely identify the IoT device logically.,Ability to uniquely identify the IoT device logically.,OTHER,True,data/raw/nist/catalog/technical_identity.html
NIST IoT Catalog,Current Public,guidance,capability,Catalog: Device Identification,technical_identity-2,,Ability to uniquely identify a remote IoT device.,Ability to uniquely identify a remote IoT device.,OTHER,True,data/raw/nist/catalog/technical_identity.html
NIST IoT Catalog,Current Public,guidance,capability,Catalog: Device Identification,technical_identity-3,,"Ability for the device to support a unique device ID (e.g., to allow it to be linked to the person or process assigned to use the IoT device).","Ability for the device to support a unique device ID (e.g., to allow it to be linked to the person or process assigned to use the IoT device).",OTHER,True,data/raw/nist/catalog/technical_identity.html
NIST IoT Catalog,Current Public,guidance,capability,Catalog: Device Identification,technical_identity-4,,"Ability to configure IoT device access control policies using IoT device identity.
    
Ability to hide IoT device identity from non-authorized entities.
Ability for the IoT device to differentiate between authorized and unauthorized remote users.
Ability for the IoT device to differentiate between authorized and unauthorized physical device users.

",Ability to configure IoT device access control policies using IoT device identity. Ability to hide IoT device identity from non-authorized entities. Ability for the IoT device to differentiate between authorized and unauthorized remote users. Ability for the IoT device to differentiate between authorized and unauthorized physical device users.,OTHER,True,data/raw/nist/catalog/technical_identity.html
NIST IoT Catalog,Current Public,guidance,capability,Catalog: Device Identification,technical_identity-5,,Ability to hide IoT device identity from non-authorized entities.,Ability to hide IoT device identity from non-authorized entities.,OTHER,True,data/raw/nist/catalog/technical_identity.html
NIST IoT Catalog,Current Public,guidance,capability,Catalog: Device Identification,technical_identity-6,,Ability for the IoT device to differentiate between authorized and unauthorized remote users.,Ability for the IoT device to differentiate between authorized and unauthorized remote users.,OTHER,True,data/raw/nist/catalog/technical_identity.html
NIST IoT Catalog,Current Public,guidance,capability,Catalog: Device Identification,technical_identity-7,,Ability for the IoT device to differentiate between authorized and unauthorized physical device users.,Ability for the IoT device to differentiate between authorized and unauthorized physical device users.,OTHER,True,data/raw/nist/catalog/technical_identity.html
NIST IoT Catalog,Current Public,guidance,capability,Catalog: Device Identification,technical_identity-8,,Ability to monitor specific actions based on the IoT device identity.,Ability to monitor specific actions based on the IoT device identity.,OTHER,True,data/raw/nist/catalog/technical_identity.html
NIST IoT Catalog,Current Public,guidance,capability,Catalog: Device Identification,technical_identity-9,,Ability to identify software loaded on the IoT device based on IoT device identity.,Ability to identify software loaded on the IoT device based on IoT device identity.,OTHER,True,data/raw/nist/catalog/technical_identity.html
NIST IoT Catalog,Current Public,guidance,capability,Catalog: Device Identification,technical_identity-10,,Ability for the IoT device to identify itself as an authorized entity to other devices.,Ability for the IoT device to identify itself as an authorized entity to other devices.,OTHER,True,data/raw/nist/catalog/technical_identity.html
NIST IoT Catalog,Current Public,guidance,capability,Catalog: Device Identification,technical_identity-11,,Ability to verify the identity of an IoT device.,Ability to verify the identity of an IoT device.,OTHER,True,data/raw/nist/catalog/technical_identity.html
NIST IoT Catalog,Current Public,guidance,capability,Catalog: Logical Access to Interfaces,technical_logical-1,,Ability for the IoT device to require authentication prior to connecting to the device.,Ability for the IoT device to require authentication prior to connecting to the device.,OTHER,True,data/raw/nist/catalog/technical_logical.html
NIST IoT Catalog,Current Public,guidance,capability,Catalog: Logical Access to Interfaces,technical_logical-2,,"Ability for the IoT device to support and require appropriate authentication.
    
Ability for the IoT device to require authentication prior to connecting to the device.
Ability for the IoT device to support a second, or more, authentication method(s) through an out of band path such as:
        
Temporary passwords or other one-use logon credentials
Third-party credential checks
Biometrics
Text messages
Hard Tokens
Manufacturer proprietary method



","Ability for the IoT device to support and require appropriate authentication. Ability for the IoT device to require authentication prior to connecting to the device. Ability for the IoT device to support a second, or more, authentication method(s) through an out of band path such as: Temporary passwords or other one-use logon credentials Third-party credential checks Biometrics Text messages Hard Tokens Manufacturer proprietary method",OTHER,True,data/raw/nist/catalog/technical_logical.html
NIST IoT Catalog,Current Public,guidance,capability,Catalog: Logical Access to Interfaces,technical_logical-3,,Ability for the IoT device to require authentication prior to connecting to the device.,Ability for the IoT device to require authentication prior to connecting to the device.,OTHER,True,data/raw/nist/catalog/technical_logical.html
NIST IoT Catalog,Current Public,guidance,capability,Catalog: Logical Access to Interfaces,technical_logical-4,,"Ability for the IoT device to support a second, or more, authentication method(s) through an out of band path such as:
        
Temporary passwords or other one-use logon credentials
Third-party credential checks
Biometrics
Text messages
Hard Tokens
Manufacturer proprietary method

","Ability for the IoT device to support a second, or more, authentication method(s) through an out of band path such as: Temporary passwords or other one-use logon credentials Third-party credential checks Biometrics Text messages Hard Tokens Manufacturer proprietary method",OTHER,True,data/raw/nist/catalog/technical_logical.html
NIST IoT Catalog,Current Public,guidance,capability,Catalog: Logical Access to Interfaces,technical_logical-5,,Ability for the IoT device to hide or mask authentication information during authentication process.,Ability for the IoT device to hide or mask authentication information during authentication process.,OTHER,True,data/raw/nist/catalog/technical_logical.html
NIST IoT Catalog,Current Public,guidance,capability,Catalog: Logical Access to Interfaces,technical_logical-6,,"Ability for the IoT device to support a second, or more, authentication method(s) through an out-of-band path such as: Temporary passwords or other one-use credentials; Third-party credential checks; Biometrics; Text messages; Hard Tokens; etc.","Ability for the IoT device to support a second, or more, authentication method(s) through an out-of-band path such as: Temporary passwords or other one-use credentials; Third-party credential checks; Biometrics; Text messages; Hard Tokens; etc.",OTHER,True,data/raw/nist/catalog/technical_logical.html
NIST IoT Catalog,Current Public,guidance,capability,Catalog: Logical Access to Interfaces,technical_logical-7,,"Ability to set and change authentication configurations, policies and limitations settings for the IoT device.
    
Ability to set the time period for how long the device will remain locked after an established configurable limit of unsuccessful login attempts has been met.
Ability to disable or lock access to the device after an established number of unsuccessful login attempts.
Ability to display and/or report the previous date and time of the last successful login authentication.
Ability to automatically disable accounts for the IoT device after an establish period of inactivity.
        
Ability to support automatic logout of inactive accounts after a configurable established time period.
Ability to support automatic removal of temporary, emergency and other special use accounts after an established time period.



","Ability to set and change authentication configurations, policies and limitations settings for the IoT device. Ability to set the time period for how long the device will remain locked after an established configurable limit of unsuccessful login attempts has been met. Ability to disable or lock access to the device after an established number of unsuccessful login attempts. Ability to display and/or report the previous date and time of the last successful login authentication. Ability to automatically disable accounts for the IoT device after an establish period of inactivity. Ability to support automatic logout of inactive accounts after a configurable established time period. Ability to support automatic removal of temporary, emergency and other special use accounts after an established time period.",OTHER,True,data/raw/nist/catalog/technical_logical.html
NIST IoT Catalog,Current Public,guidance,capability,Catalog: Logical Access to Interfaces,technical_logical-8,,Ability to set the time period for how long the device will remain locked after an established configurable limit of unsuccessful login attempts has been met.,Ability to set the time period for how long the device will remain locked after an established configurable limit of unsuccessful login attempts has been met.,OTHER,True,data/raw/nist/catalog/technical_logical.html
NIST IoT Catalog,Current Public,guidance,capability,Catalog: Logical Access to Interfaces,technical_logical-9,,Ability to disable or lock access to the device after an established number of unsuccessful login attempts.,Ability to disable or lock access to the device after an established number of unsuccessful login attempts.,OTHER,True,data/raw/nist/catalog/technical_logical.html
NIST IoT Catalog,Current Public,guidance,capability,Catalog: Logical Access to Interfaces,technical_logical-10,,Ability to display and/or report the previous date and time of the last successful login authentication.,Ability to display and/or report the previous date and time of the last successful login authentication.,OTHER,True,data/raw/nist/catalog/technical_logical.html
NIST IoT Catalog,Current Public,guidance,capability,Catalog: Logical Access to Interfaces,technical_logical-11,,"Ability to automatically disable accounts for the IoT device after an establish period of inactivity.
        
Ability to support automatic logout of inactive accounts after a configurable established time period.
Ability to support automatic removal of temporary, emergency and other special use accounts after an established time period.

","Ability to automatically disable accounts for the IoT device after an establish period of inactivity. Ability to support automatic logout of inactive accounts after a configurable established time period. Ability to support automatic removal of temporary, emergency and other special use accounts after an established time period.",OTHER,True,data/raw/nist/catalog/technical_logical.html
NIST IoT Catalog,Current Public,guidance,capability,Catalog: Logical Access to Interfaces,technical_logical-12,,Ability to support automatic logout of inactive accounts after a configurable established time period.,Ability to support automatic logout of inactive accounts after a configurable established time period.,OTHER,True,data/raw/nist/catalog/technical_logical.html
NIST IoT Catalog,Current Public,guidance,capability,Catalog: Logical Access to Interfaces,technical_logical-13,,"Ability to support automatic removal of temporary, emergency and other special use accounts after an established time period.","Ability to support automatic removal of temporary, emergency and other special use accounts after an established time period.",OTHER,True,data/raw/nist/catalog/technical_logical.html
NIST IoT Catalog,Current Public,guidance,capability,Catalog: Logical Access to Interfaces,technical_logical-14,,Ability to authenticate external users and systems,Ability to authenticate external users and systems,OTHER,True,data/raw/nist/catalog/technical_logical.html
NIST IoT Catalog,Current Public,guidance,capability,Catalog: Logical Access to Interfaces,technical_logical-15,,Ability to revoke their access.,Ability to revoke their access.,OTHER,True,data/raw/nist/catalog/technical_logical.html
NIST IoT Catalog,Current Public,guidance,capability,Catalog: Logical Access to Interfaces,technical_logical-16,,"Ability to display to IoT device users an organizationally-defined system use notification message or banner prior to successful IoT device authentication. (e.g., the message or banner would provide privacy and security notices consistent with applicable federal laws, Executive Orders, directives, policies, regulations, standards, and guidance).","Ability to display to IoT device users an organizationally-defined system use notification message or banner prior to successful IoT device authentication. (e.g., the message or banner would provide privacy and security notices consistent with applicable federal laws, Executive Orders, directives, policies, regulations, standards, and guidance).",OTHER,True,data/raw/nist/catalog/technical_logical.html
NIST IoT Catalog,Current Public,guidance,capability,Catalog: Logical Access to Interfaces,technical_logical-17,,"Ability to create an organizationally-defined system use notification message or banner to be displayed on the IoT device.
    
Ability to edit an existing IoT device display.
Ability to establish the maximum size (in characters, bytes, etc.) of the available device display.

","Ability to create an organizationally-defined system use notification message or banner to be displayed on the IoT device. Ability to edit an existing IoT device display. Ability to establish the maximum size (in characters, bytes, etc.) of the available device display.",OTHER,True,data/raw/nist/catalog/technical_logical.html
NIST IoT Catalog,Current Public,guidance,capability,Catalog: Logical Access to Interfaces,technical_logical-18,,Ability to edit an existing IoT device display.,Ability to edit an existing IoT device display.,OTHER,True,data/raw/nist/catalog/technical_logical.html
NIST IoT Catalog,Current Public,guidance,capability,Catalog: Logical Access to Interfaces,technical_logical-19,,"Ability to establish the maximum size (in characters, bytes, etc.) of the available device display.","Ability to establish the maximum size (in characters, bytes, etc.) of the available device display.",OTHER,True,data/raw/nist/catalog/technical_logical.html
NIST IoT Catalog,Current Public,guidance,capability,Catalog: Logical Access to Interfaces,technical_logical-20,,Ability to keep the notification message or banner on the device screen until the device user actively acknowledges and agrees to the usage conditions.,Ability to keep the notification message or banner on the device screen until the device user actively acknowledges and agrees to the usage conditions.,OTHER,True,data/raw/nist/catalog/technical_logical.html
NIST IoT Catalog,Current Public,guidance,capability,Catalog: Logical Access to Interfaces,technical_logical-21,,Ability to identify authorized users and processes.,Ability to identify authorized users and processes.,OTHER,True,data/raw/nist/catalog/technical_logical.html
NIST IoT Catalog,Current Public,guidance,capability,Catalog: Logical Access to Interfaces,technical_logical-22,,Ability to differentiate between authorized and unauthorized users (physical and remote).,Ability to differentiate between authorized and unauthorized users (physical and remote).,OTHER,True,data/raw/nist/catalog/technical_logical.html
NIST IoT Catalog,Current Public,guidance,capability,Catalog: Logical Access to Interfaces,technical_logical-23,,Ability to create unique IoT device user accounts.,Ability to create unique IoT device user accounts.,OTHER,True,data/raw/nist/catalog/technical_logical.html
NIST IoT Catalog,Current Public,guidance,capability,Catalog: Logical Access to Interfaces,technical_logical-24,,Ability to assign roles to IoT device user accounts.,Ability to assign roles to IoT device user accounts.,OTHER,True,data/raw/nist/catalog/technical_logical.html
NIST IoT Catalog,Current Public,guidance,capability,Catalog: Logical Access to Interfaces,technical_logical-25,,Ability to identify unique IoT device user accounts.,Ability to identify unique IoT device user accounts.,OTHER,True,data/raw/nist/catalog/technical_logical.html
NIST IoT Catalog,Current Public,guidance,capability,Catalog: Logical Access to Interfaces,technical_logical-26,,"Ability to support a hierarchy of logical access privileges for the IoT device based on roles (e.g., admin, emergency, user, local, temporary, etc.).
    
Ability to establish user accounts to support role-based logical access privileges.
Ability to administer user accounts to support role-based logical access privileges.
Ability to use organizationally-defined roles to define each user account’s access and permitted device actions.
Ability to support multiple levels of user/process account functionality and roles for the IoT device.

","Ability to support a hierarchy of logical access privileges for the IoT device based on roles (e.g., admin, emergency, user, local, temporary, etc.). Ability to establish user accounts to support role-based logical access privileges. Ability to administer user accounts to support role-based logical access privileges. Ability to use organizationally-defined roles to define each user account’s access and permitted device actions. Ability to support multiple levels of user/process account functionality and roles for the IoT device.",OTHER,True,data/raw/nist/catalog/technical_logical.html
NIST IoT Catalog,Current Public,guidance,capability,Catalog: Logical Access to Interfaces,technical_logical-27,,Ability to establish user accounts to support role-based logical access privileges.,Ability to establish user accounts to support role-based logical access privileges.,OTHER,True,data/raw/nist/catalog/technical_logical.html
NIST IoT Catalog,Current Public,guidance,capability,Catalog: Logical Access to Interfaces,technical_logical-28,,Ability to administer user accounts to support role-based logical access privileges.,Ability to administer user accounts to support role-based logical access privileges.,OTHER,True,data/raw/nist/catalog/technical_logical.html
NIST IoT Catalog,Current Public,guidance,capability,Catalog: Logical Access to Interfaces,technical_logical-29,,Ability to use organizationally-defined roles to define each user account’s access and permitted device actions.,Ability to use organizationally-defined roles to define each user account’s access and permitted device actions.,OTHER,True,data/raw/nist/catalog/technical_logical.html
NIST IoT Catalog,Current Public,guidance,capability,Catalog: Logical Access to Interfaces,technical_logical-30,,Ability to support multiple levels of user/process account functionality and roles for the IoT device.,Ability to support multiple levels of user/process account functionality and roles for the IoT device.,OTHER,True,data/raw/nist/catalog/technical_logical.html
NIST IoT Catalog,Current Public,guidance,capability,Catalog: Logical Access to Interfaces,technical_logical-31,,"Ability to apply least privilege to user accounts (i.e., to ensure that the processes operate at privilege levels no higher than necessary to accomplish required functions).
    
Ability to create additional processes, roles (e.g., admin, emergency, temporary, etc.) and accounts as necessary to achieve least privilege.
Ability to apply least privilege settings within the device (i.e., to ensure that the processes operate at privilege levels no higher than necessary to accomplish required functions).
Ability to limit access to privileged device settings that are used to establish and administer authorization requirements.
Ability for authorized users to access privileged settings.

","Ability to apply least privilege to user accounts (i.e., to ensure that the processes operate at privilege levels no higher than necessary to accomplish required functions). Ability to create additional processes, roles (e.g., admin, emergency, temporary, etc.) and accounts as necessary to achieve least privilege. Ability to apply least privilege settings within the device (i.e., to ensure that the processes operate at privilege levels no higher than necessary to accomplish required functions). Ability to limit access to privileged device settings that are used to establish and administer authorization requirements. Ability for authorized users to access privileged settings.",OTHER,True,data/raw/nist/catalog/technical_logical.html
NIST IoT Catalog,Current Public,guidance,capability,Catalog: Logical Access to Interfaces,technical_logical-32,,"Ability to create additional processes, roles (e.g., admin, emergency, temporary, etc.) and accounts as necessary to achieve least privilege.","Ability to create additional processes, roles (e.g., admin, emergency, temporary, etc.) and accounts as necessary to achieve least privilege.",OTHER,True,data/raw/nist/catalog/technical_logical.html
NIST IoT Catalog,Current Public,guidance,capability,Catalog: Logical Access to Interfaces,technical_logical-33,,"Ability to apply least privilege settings within the device (i.e., to ensure that the processes operate at privilege levels no higher than necessary to accomplish required functions).","Ability to apply least privilege settings within the device (i.e., to ensure that the processes operate at privilege levels no higher than necessary to accomplish required functions).",OTHER,True,data/raw/nist/catalog/technical_logical.html
NIST IoT Catalog,Current Public,guidance,capability,Catalog: Logical Access to Interfaces,technical_logical-34,,Ability to limit access to privileged device settings that are used to establish and administer authorization requirements.,Ability to limit access to privileged device settings that are used to establish and administer authorization requirements.,OTHER,True,data/raw/nist/catalog/technical_logical.html
NIST IoT Catalog,Current Public,guidance,capability,Catalog: Logical Access to Interfaces,technical_logical-35,,Ability for authorized users to access privileged settings.,Ability for authorized users to access privileged settings.,OTHER,True,data/raw/nist/catalog/technical_logical.html
NIST IoT Catalog,Current Public,guidance,capability,Catalog: Logical Access to Interfaces,technical_logical-36,,"Ability to support organizationally-defined actions for the IoT device.
    
Ability to create organizationally-defined accounts that support privileged roles with automated expiration conditions.
Ability to establish organizationally-defined user actions for accessing the IoT device and/or device interface.
Ability to enable automation and reporting of account management activities.
        
Ability to assign access to IoT device audit controls to specific roles or organizationally-defined personnel.
Ability to control access to IoT device audit data.
Ability to identify the user, process or device requesting access to the audit/accountability information (i.e., to ensure only authorized users and/or devices have access).


Ability to establish conditions for shared/group accounts on the IoT device.
Ability to administer conditions for shared/group accounts on the IoT device.
Ability to restrict the use of shared/group accounts on the IoT device according to organizationally-defined conditions.

","Ability to support organizationally-defined actions for the IoT device. Ability to create organizationally-defined accounts that support privileged roles with automated expiration conditions. Ability to establish organizationally-defined user actions for accessing the IoT device and/or device interface. Ability to enable automation and reporting of account management activities. Ability to assign access to IoT device audit controls to specific roles or organizationally-defined personnel. Ability to control access to IoT device audit data. Ability to identify the user, process or device requesting access to the audit/accountability information (i.e., to ensure only authorized users and/or devices have access). Ability to establish conditions for shared/group accounts on the IoT device. Ability to administer conditions for shared/group accounts on the IoT device. Ability to restrict the use of shared/group accounts on the IoT device according to organizationally-defined conditions.",OTHER,True,data/raw/nist/catalog/technical_logical.html
NIST IoT Catalog,Current Public,guidance,capability,Catalog: Logical Access to Interfaces,technical_logical-37,,Ability to create organizationally-defined accounts that support privileged roles with automated expiration conditions.,Ability to create organizationally-defined accounts that support privileged roles with automated expiration conditions.,OTHER,True,data/raw/nist/catalog/technical_logical.html
NIST IoT Catalog,Current Public,guidance,capability,Catalog: Logical Access to Interfaces,technical_logical-38,,Ability to establish organizationally-defined user actions for accessing the IoT device and/or device interface.,Ability to establish organizationally-defined user actions for accessing the IoT device and/or device interface.,OTHER,True,data/raw/nist/catalog/technical_logical.html
NIST IoT Catalog,Current Public,guidance,capability,Catalog: Logical Access to Interfaces,technical_logical-39,,"Ability to enable automation and reporting of account management activities.
        
Ability to assign access to IoT device audit controls to specific roles or organizationally-defined personnel.
Ability to control access to IoT device audit data.
Ability to identify the user, process or device requesting access to the audit/accountability information (i.e., to ensure only authorized users and/or devices have access).

","Ability to enable automation and reporting of account management activities. Ability to assign access to IoT device audit controls to specific roles or organizationally-defined personnel. Ability to control access to IoT device audit data. Ability to identify the user, process or device requesting access to the audit/accountability information (i.e., to ensure only authorized users and/or devices have access).",OTHER,True,data/raw/nist/catalog/technical_logical.html
NIST IoT Catalog,Current Public,guidance,capability,Catalog: Logical Access to Interfaces,technical_logical-40,,Ability to assign access to IoT device audit controls to specific roles or organizationally-defined personnel.,Ability to assign access to IoT device audit controls to specific roles or organizationally-defined personnel.,OTHER,True,data/raw/nist/catalog/technical_logical.html
NIST IoT Catalog,Current Public,guidance,capability,Catalog: Logical Access to Interfaces,technical_logical-41,,Ability to control access to IoT device audit data.,Ability to control access to IoT device audit data.,OTHER,True,data/raw/nist/catalog/technical_logical.html
NIST IoT Catalog,Current Public,guidance,capability,Catalog: Logical Access to Interfaces,technical_logical-42,,"Ability to identify the user, process or device requesting access to the audit/accountability information (i.e., to ensure only authorized users and/or devices have access).","Ability to identify the user, process or device requesting access to the audit/accountability information (i.e., to ensure only authorized users and/or devices have access).",OTHER,True,data/raw/nist/catalog/technical_logical.html
NIST IoT Catalog,Current Public,guidance,capability,Catalog: Logical Access to Interfaces,technical_logical-43,,Ability to establish conditions for shared/group accounts on the IoT device.,Ability to establish conditions for shared/group accounts on the IoT device.,OTHER,True,data/raw/nist/catalog/technical_logical.html
NIST IoT Catalog,Current Public,guidance,capability,Catalog: Logical Access to Interfaces,technical_logical-44,,Ability to administer conditions for shared/group accounts on the IoT device.,Ability to administer conditions for shared/group accounts on the IoT device.,OTHER,True,data/raw/nist/catalog/technical_logical.html
NIST IoT Catalog,Current Public,guidance,capability,Catalog: Logical Access to Interfaces,technical_logical-45,,Ability to restrict the use of shared/group accounts on the IoT device according to organizationally-defined conditions.,Ability to restrict the use of shared/group accounts on the IoT device according to organizationally-defined conditions.,OTHER,True,data/raw/nist/catalog/technical_logical.html
NIST IoT Catalog,Current Public,guidance,capability,Catalog: Logical Access to Interfaces,technical_logical-46,,"Ability to implement dynamic access control approaches (e.g., service-oriented architectures) that rely on:
    
run-time access control decisions facilitated by dynamic privilege management.
organizationally-defined actions to access/use device.

","Ability to implement dynamic access control approaches (e.g., service-oriented architectures) that rely on: run-time access control decisions facilitated by dynamic privilege management. organizationally-defined actions to access/use device.",OTHER,True,data/raw/nist/catalog/technical_logical.html
NIST IoT Catalog,Current Public,guidance,capability,Catalog: Logical Access to Interfaces,technical_logical-47,,Ability to allow information sharing capabilities based upon the type and/or role of user attempting to share the information.,Ability to allow information sharing capabilities based upon the type and/or role of user attempting to share the information.,OTHER,True,data/raw/nist/catalog/technical_logical.html
NIST IoT Catalog,Current Public,guidance,capability,Catalog: Logical Access to Interfaces,technical_logical-48,,"Ability to restrict access to IoT device software, hardware, and data based on user account roles, used with proper authentication of the identity of the user to determine type of authorization.","Ability to restrict access to IoT device software, hardware, and data based on user account roles, used with proper authentication of the identity of the user to determine type of authorization.",OTHER,True,data/raw/nist/catalog/technical_logical.html
NIST IoT Catalog,Current Public,guidance,capability,Catalog: Logical Access to Interfaces,technical_logical-49,,Ability to establish pre-defined restrictions for information searches within the device.,Ability to establish pre-defined restrictions for information searches within the device.,OTHER,True,data/raw/nist/catalog/technical_logical.html
NIST IoT Catalog,Current Public,guidance,capability,Catalog: Logical Access to Interfaces,technical_logical-50,,"Ability to establish limits on authorized concurrent device sessions for:
    
User accounts
Roles
Groups
Dates
Times
Locations
Manufacturer established parameters

",Ability to establish limits on authorized concurrent device sessions for: User accounts Roles Groups Dates Times Locations Manufacturer established parameters,OTHER,True,data/raw/nist/catalog/technical_logical.html
NIST IoT Catalog,Current Public,guidance,capability,Catalog: Logical Access to Interfaces,technical_logical-51,,"Ability to securely interact with authorized external, third-party systems.","Ability to securely interact with authorized external, third-party systems.",OTHER,True,data/raw/nist/catalog/technical_logical.html
NIST IoT Catalog,Current Public,guidance,capability,Catalog: Logical Access to Interfaces,technical_logical-52,,Ability to allow for the user/organization to establish the circumstances for when information sharing from the device and/or through the device interface will be allowed and prohibited.,Ability to allow for the user/organization to establish the circumstances for when information sharing from the device and/or through the device interface will be allowed and prohibited.,OTHER,True,data/raw/nist/catalog/technical_logical.html
NIST IoT Catalog,Current Public,guidance,capability,Catalog: Logical Access to Interfaces,technical_logical-53,,Ability to establish automated information sharing to approved identified parties/entities.,Ability to establish automated information sharing to approved identified parties/entities.,OTHER,True,data/raw/nist/catalog/technical_logical.html
NIST IoT Catalog,Current Public,guidance,capability,Catalog: Logical Access to Interfaces,technical_logical-54,,Ability to identify when the external system meets the required security requirements for a connection.,Ability to identify when the external system meets the required security requirements for a connection.,OTHER,True,data/raw/nist/catalog/technical_logical.html
NIST IoT Catalog,Current Public,guidance,capability,Catalog: Logical Access to Interfaces,technical_logical-55,,Ability to establish secure communications with internal systems when the device is operating on external networks.,Ability to establish secure communications with internal systems when the device is operating on external networks.,OTHER,True,data/raw/nist/catalog/technical_logical.html
NIST IoT Catalog,Current Public,guidance,capability,Catalog: Logical Access to Interfaces,technical_logical-56,,"Ability to establish requirements for remote access to the IoT device and/or IoT device interface including:
    
Usage restrictions
Configuration requirements
Connection requirements
Manufacturer established requirement

",Ability to establish requirements for remote access to the IoT device and/or IoT device interface including: Usage restrictions Configuration requirements Connection requirements Manufacturer established requirement,OTHER,True,data/raw/nist/catalog/technical_logical.html
NIST IoT Catalog,Current Public,guidance,capability,Catalog: Logical Access to Interfaces,technical_logical-57,,"Ability to restrict use of IoT device components (e.g., ports, functions, microphones, video).","Ability to restrict use of IoT device components (e.g., ports, functions, microphones, video).",OTHER,True,data/raw/nist/catalog/technical_logical.html
NIST IoT Catalog,Current Public,guidance,capability,Catalog: Logical Access to Interfaces,technical_logical-58,,Ability to logically or physically disable any local and network interfaces that are not necessary for the core functionality of the device.,Ability to logically or physically disable any local and network interfaces that are not necessary for the core functionality of the device.,OTHER,True,data/raw/nist/catalog/technical_logical.html
NIST IoT Catalog,Current Public,guidance,capability,Catalog: Logical Access to Interfaces,technical_logical-59,,Ability to restrict updating actions to authorized entities.,Ability to restrict updating actions to authorized entities.,OTHER,True,data/raw/nist/catalog/technical_logical.html
NIST IoT Catalog,Current Public,guidance,capability,Catalog: Logical Access to Interfaces,technical_logical-60,,Ability to restrict access to the cybersecurity state indicator to authorized entities.,Ability to restrict access to the cybersecurity state indicator to authorized entities.,OTHER,True,data/raw/nist/catalog/technical_logical.html
NIST IoT Catalog,Current Public,guidance,capability,Catalog: Logical Access to Interfaces,technical_logical-61,,Ability to restrict use of IoT device services.,Ability to restrict use of IoT device services.,OTHER,True,data/raw/nist/catalog/technical_logical.html
NIST IoT Catalog,Current Public,guidance,capability,Catalog: Logical Access to Interfaces,technical_logical-62,,Ability to enforce the established local and remote access requirements.,Ability to enforce the established local and remote access requirements.,OTHER,True,data/raw/nist/catalog/technical_logical.html
NIST IoT Catalog,Current Public,guidance,capability,Catalog: Logical Access to Interfaces,technical_logical-63,,Ability to prevent external access to the IoT device management interface.,Ability to prevent external access to the IoT device management interface.,OTHER,True,data/raw/nist/catalog/technical_logical.html
NIST IoT Catalog,Current Public,guidance,capability,Catalog: Logical Access to Interfaces,technical_logical-64,,"Ability to control the IoT device’s logical interface (e.g., locally or remotely).","Ability to control the IoT device’s logical interface (e.g., locally or remotely).",OTHER,True,data/raw/nist/catalog/technical_logical.html
NIST IoT Catalog,Current Public,guidance,capability,Catalog: Logical Access to Interfaces,technical_logical-65,,Ability to change IoT device logical interface(s).,Ability to change IoT device logical interface(s).,OTHER,True,data/raw/nist/catalog/technical_logical.html
NIST IoT Catalog,Current Public,guidance,capability,Catalog: Logical Access to Interfaces,technical_logical-66,,Ability to control device responses to device input.,Ability to control device responses to device input.,OTHER,True,data/raw/nist/catalog/technical_logical.html
NIST IoT Catalog,Current Public,guidance,capability,Catalog: Logical Access to Interfaces,technical_logical-67,,Ability to control output from the device.,Ability to control output from the device.,OTHER,True,data/raw/nist/catalog/technical_logical.html
NIST IoT Catalog,Current Public,guidance,capability,Catalog: Logical Access to Interfaces,technical_logical-68,,"Ability to support wireless technologies needed by the organization (e.g., Microwave, Packet radio (UHF/VHF), Bluetooth, Manufacturer defined)","Ability to support wireless technologies needed by the organization (e.g., Microwave, Packet radio (UHF/VHF), Bluetooth, Manufacturer defined)",OTHER,True,data/raw/nist/catalog/technical_logical.html
NIST IoT Catalog,Current Public,guidance,capability,Catalog: Logical Access to Interfaces,technical_logical-69,,"Ability to support communications technologies (including but not limited to):
    
IEEE 802.11
Bluetooth
Ethernet
Manufacturer defined

",Ability to support communications technologies (including but not limited to): IEEE 802.11 Bluetooth Ethernet Manufacturer defined,OTHER,True,data/raw/nist/catalog/technical_logical.html
NIST IoT Catalog,Current Public,guidance,capability,Catalog: Logical Access to Interfaces,technical_logical-70,,"Ability to establish and configure IoT device settings for wireless technologies including authentication protocols (e.g., EAP/TLS, PEAP).","Ability to establish and configure IoT device settings for wireless technologies including authentication protocols (e.g., EAP/TLS, PEAP).",OTHER,True,data/raw/nist/catalog/technical_logical.html
NIST IoT Catalog,Current Public,guidance,capability,Catalog: Data Protection,technical_protection-1,,Ability to execute cryptographic mechanisms of appropriate strength and performance.,Ability to execute cryptographic mechanisms of appropriate strength and performance.,OTHER,True,data/raw/nist/catalog/technical_protection.html
NIST IoT Catalog,Current Public,guidance,capability,Catalog: Data Protection,technical_protection-2,,Ability to obtain and validate certificates.,Ability to obtain and validate certificates.,OTHER,True,data/raw/nist/catalog/technical_protection.html
NIST IoT Catalog,Current Public,guidance,capability,Catalog: Data Protection,technical_protection-3,,Ability to verify digital signatures.,Ability to verify digital signatures.,OTHER,True,data/raw/nist/catalog/technical_protection.html
NIST IoT Catalog,Current Public,guidance,capability,Catalog: Data Protection,technical_protection-4,,Ability to run hashing algorithms.,Ability to run hashing algorithms.,OTHER,True,data/raw/nist/catalog/technical_protection.html
NIST IoT Catalog,Current Public,guidance,capability,Catalog: Data Protection,technical_protection-5,,Ability to perform authenticated encryption algorithms.,Ability to perform authenticated encryption algorithms.,OTHER,True,data/raw/nist/catalog/technical_protection.html
NIST IoT Catalog,Current Public,guidance,capability,Catalog: Data Protection,technical_protection-6,,Ability to compute and compare hashes.,Ability to compute and compare hashes.,OTHER,True,data/raw/nist/catalog/technical_protection.html
NIST IoT Catalog,Current Public,guidance,capability,Catalog: Data Protection,technical_protection-7,,Ability to generate key pairs.,Ability to generate key pairs.,OTHER,True,data/raw/nist/catalog/technical_protection.html
NIST IoT Catalog,Current Public,guidance,capability,Catalog: Data Protection,technical_protection-8,,Ability to store encryption keys securely.,Ability to store encryption keys securely.,OTHER,True,data/raw/nist/catalog/technical_protection.html
NIST IoT Catalog,Current Public,guidance,capability,Catalog: Data Protection,technical_protection-9,,Ability to change keys securely.,Ability to change keys securely.,OTHER,True,data/raw/nist/catalog/technical_protection.html
NIST IoT Catalog,Current Public,guidance,capability,Catalog: Data Protection,technical_protection-10,,"Ability to support encryption of data at rest.
    
Ability to cryptographically store passwords at rest, as well as device identity and other authentication data.
Ability to support data encryption and signing to prevent data from being altered in device storage.

","Ability to support encryption of data at rest. Ability to cryptographically store passwords at rest, as well as device identity and other authentication data. Ability to support data encryption and signing to prevent data from being altered in device storage.",OTHER,True,data/raw/nist/catalog/technical_protection.html
NIST IoT Catalog,Current Public,guidance,capability,Catalog: Data Protection,technical_protection-11,,"Ability to cryptographically store passwords at rest, as well as device identity and other authentication data.","Ability to cryptographically store passwords at rest, as well as device identity and other authentication data.",OTHER,True,data/raw/nist/catalog/technical_protection.html
NIST IoT Catalog,Current Public,guidance,capability,Catalog: Data Protection,technical_protection-12,,Ability to support data encryption and signing to prevent data from being altered in device storage.,Ability to support data encryption and signing to prevent data from being altered in device storage.,OTHER,True,data/raw/nist/catalog/technical_protection.html
NIST IoT Catalog,Current Public,guidance,capability,Catalog: Data Protection,technical_protection-13,,"Ability to secure data in device storage.
    
Ability to secure data stored locally on the device.
Ability to secure data stored in remote storage areas (e.g., cloud, server, etc.).
Ability to utilize separate storage partitions for system and user data.

","Ability to secure data in device storage. Ability to secure data stored locally on the device. Ability to secure data stored in remote storage areas (e.g., cloud, server, etc.). Ability to utilize separate storage partitions for system and user data.",OTHER,True,data/raw/nist/catalog/technical_protection.html
NIST IoT Catalog,Current Public,guidance,capability,Catalog: Data Protection,technical_protection-14,,Ability to secure data stored locally on the device.,Ability to secure data stored locally on the device.,OTHER,True,data/raw/nist/catalog/technical_protection.html
NIST IoT Catalog,Current Public,guidance,capability,Catalog: Data Protection,technical_protection-15,,"Ability to secure data stored in remote storage areas (e.g., cloud, server, etc.).","Ability to secure data stored in remote storage areas (e.g., cloud, server, etc.).",OTHER,True,data/raw/nist/catalog/technical_protection.html
NIST IoT Catalog,Current Public,guidance,capability,Catalog: Data Protection,technical_protection-16,,Ability to utilize separate storage partitions for system and user data.,Ability to utilize separate storage partitions for system and user data.,OTHER,True,data/raw/nist/catalog/technical_protection.html
NIST IoT Catalog,Current Public,guidance,capability,Catalog: Data Protection,technical_protection-17,,Ability to “sanitize” or “purge” specific or all data in the device.,Ability to “sanitize” or “purge” specific or all data in the device.,OTHER,True,data/raw/nist/catalog/technical_protection.html
NIST IoT Catalog,Current Public,guidance,capability,Catalog: Data Protection,technical_protection-18,,"Ability to configure the cryptographic algorithm to protect data in transit.
    
Ability to support trusted data exchange with a specified minimum strength cryptography algorithm.
Ability to support data encryption and signing to prevent data from being altered in transit.

",Ability to configure the cryptographic algorithm to protect data in transit. Ability to support trusted data exchange with a specified minimum strength cryptography algorithm. Ability to support data encryption and signing to prevent data from being altered in transit.,OTHER,True,data/raw/nist/catalog/technical_protection.html
NIST IoT Catalog,Current Public,guidance,capability,Catalog: Data Protection,technical_protection-19,,Ability to support trusted data exchange with a specified minimum strength cryptography algorithm.,Ability to support trusted data exchange with a specified minimum strength cryptography algorithm.,OTHER,True,data/raw/nist/catalog/technical_protection.html
NIST IoT Catalog,Current Public,guidance,capability,Catalog: Data Protection,technical_protection-20,,Ability to support data encryption and signing to prevent data from being altered in transit.,Ability to support data encryption and signing to prevent data from being altered in transit.,OTHER,True,data/raw/nist/catalog/technical_protection.html
NIST IoT Catalog,Current Public,guidance,capability,Catalog: Data Protection,technical_protection-21,,Ability to utilize one or more capabilities to protect the data it transmits from unauthorized access and modification.,Ability to utilize one or more capabilities to protect the data it transmits from unauthorized access and modification.,OTHER,True,data/raw/nist/catalog/technical_protection.html
NIST IoT Catalog,Current Public,guidance,capability,Catalog: Data Protection,technical_protection-22,,Ability to use cryptographic means to validate the integrity of data transmitted.,Ability to use cryptographic means to validate the integrity of data transmitted.,OTHER,True,data/raw/nist/catalog/technical_protection.html
NIST IoT Catalog,Current Public,guidance,capability,Catalog: Device Security,technical_security-1,,"Ability to enforce organizationally-defined execution policies.
    
Ability to execute code in confined virtual environments.
Ability to separate IoT device processes into separate execution domains.

",Ability to enforce organizationally-defined execution policies. Ability to execute code in confined virtual environments. Ability to separate IoT device processes into separate execution domains.,OTHER,True,data/raw/nist/catalog/technical_security.html
NIST IoT Catalog,Current Public,guidance,capability,Catalog: Device Security,technical_security-2,,Ability to execute code in confined virtual environments.,Ability to execute code in confined virtual environments.,OTHER,True,data/raw/nist/catalog/technical_security.html
NIST IoT Catalog,Current Public,guidance,capability,Catalog: Device Security,technical_security-3,,Ability to separate IoT device processes into separate execution domains.,Ability to separate IoT device processes into separate execution domains.,OTHER,True,data/raw/nist/catalog/technical_security.html
NIST IoT Catalog,Current Public,guidance,capability,Catalog: Device Security,technical_security-4,,Ability to separate the levels of IoT device user functionality.,Ability to separate the levels of IoT device user functionality.,OTHER,True,data/raw/nist/catalog/technical_security.html
NIST IoT Catalog,Current Public,guidance,capability,Catalog: Device Security,technical_security-5,,Ability to authorize various levels of IoT device functionality.,Ability to authorize various levels of IoT device functionality.,OTHER,True,data/raw/nist/catalog/technical_security.html
NIST IoT Catalog,Current Public,guidance,capability,Catalog: Device Security,technical_security-6,,Ability to enforce traffic flow policies.,Ability to enforce traffic flow policies.,OTHER,True,data/raw/nist/catalog/technical_security.html
NIST IoT Catalog,Current Public,guidance,capability,Catalog: Device Security,technical_security-7,,Ability to utilize standardized protocols.,Ability to utilize standardized protocols.,OTHER,True,data/raw/nist/catalog/technical_security.html
NIST IoT Catalog,Current Public,guidance,capability,Catalog: Device Security,technical_security-8,,Ability to establish network connections.,Ability to establish network connections.,OTHER,True,data/raw/nist/catalog/technical_security.html
NIST IoT Catalog,Current Public,guidance,capability,Catalog: Device Security,technical_security-9,,"Ability to terminate network connections (e.g., automatically based on organizationally-defined parameters).","Ability to terminate network connections (e.g., automatically based on organizationally-defined parameters).",OTHER,True,data/raw/nist/catalog/technical_security.html
NIST IoT Catalog,Current Public,guidance,capability,Catalog: Device Security,technical_security-10,,Ability to de-allocate TCP/IP address/port pairings.,Ability to de-allocate TCP/IP address/port pairings.,OTHER,True,data/raw/nist/catalog/technical_security.html
NIST IoT Catalog,Current Public,guidance,capability,Catalog: Device Security,technical_security-11,,Ability to establish communications channels.,Ability to establish communications channels.,OTHER,True,data/raw/nist/catalog/technical_security.html
NIST IoT Catalog,Current Public,guidance,capability,Catalog: Device Security,technical_security-12,,Ability to secure the communications channels.,Ability to secure the communications channels.,OTHER,True,data/raw/nist/catalog/technical_security.html
NIST IoT Catalog,Current Public,guidance,capability,Catalog: Device Security,technical_security-13,,Ability to interface with DNS/DNSSEC.,Ability to interface with DNS/DNSSEC.,OTHER,True,data/raw/nist/catalog/technical_security.html
NIST IoT Catalog,Current Public,guidance,capability,Catalog: Device Security,technical_security-14,,Ability to store and process session identifiers.,Ability to store and process session identifiers.,OTHER,True,data/raw/nist/catalog/technical_security.html
NIST IoT Catalog,Current Public,guidance,capability,Catalog: Device Security,technical_security-15,,Ability to identify and track sessions with identifiers.,Ability to identify and track sessions with identifiers.,OTHER,True,data/raw/nist/catalog/technical_security.html
NIST IoT Catalog,Current Public,guidance,capability,Catalog: Device Security,technical_security-16,,"Ability to support shared system resources.
    
Ability to release resources back to the system.
Ability to separate user and process resources use.

",Ability to support shared system resources. Ability to release resources back to the system. Ability to separate user and process resources use.,OTHER,True,data/raw/nist/catalog/technical_security.html
NIST IoT Catalog,Current Public,guidance,capability,Catalog: Device Security,technical_security-17,,Ability to release resources back to the system.,Ability to release resources back to the system.,OTHER,True,data/raw/nist/catalog/technical_security.html
NIST IoT Catalog,Current Public,guidance,capability,Catalog: Device Security,technical_security-18,,Ability to separate user and process resources use.,Ability to separate user and process resources use.,OTHER,True,data/raw/nist/catalog/technical_security.html
NIST IoT Catalog,Current Public,guidance,capability,Catalog: Device Security,technical_security-19,,Ability to manage memory address space assigned to processes.,Ability to manage memory address space assigned to processes.,OTHER,True,data/raw/nist/catalog/technical_security.html
NIST IoT Catalog,Current Public,guidance,capability,Catalog: Device Security,technical_security-20,,Ability to enforce access to memory space through the kernel.,Ability to enforce access to memory space through the kernel.,OTHER,True,data/raw/nist/catalog/technical_security.html
NIST IoT Catalog,Current Public,guidance,capability,Catalog: Device Security,technical_security-21,,Ability to prevent a process from accessing memory space of another process.,Ability to prevent a process from accessing memory space of another process.,OTHER,True,data/raw/nist/catalog/technical_security.html
NIST IoT Catalog,Current Public,guidance,capability,Catalog: Device Security,technical_security-22,,Ability to enforce configured disk quotas.,Ability to enforce configured disk quotas.,OTHER,True,data/raw/nist/catalog/technical_security.html
NIST IoT Catalog,Current Public,guidance,capability,Catalog: Device Security,technical_security-23,,"Ability to continue operation when associated networks are unavailable (e.g., a smart smoke detector must still go off when a fire occurs even if it is not attached to the associated network).","Ability to continue operation when associated networks are unavailable (e.g., a smart smoke detector must still go off when a fire occurs even if it is not attached to the associated network).",MUST,True,data/raw/nist/catalog/technical_security.html
NIST IoT Catalog,Current Public,guidance,capability,Catalog: Device Security,technical_security-24,,"Ability to provide sufficient resources to store and run the operating environment (e.g., operating systems, firmware, applications).","Ability to provide sufficient resources to store and run the operating environment (e.g., operating systems, firmware, applications).",OTHER,True,data/raw/nist/catalog/technical_security.html
NIST IoT Catalog,Current Public,guidance,capability,Catalog: Device Security,technical_security-25,,"Ability to utilize file compression technologies (e.g., to provide denial of service protection).","Ability to utilize file compression technologies (e.g., to provide denial of service protection).",OTHER,True,data/raw/nist/catalog/technical_security.html
NIST IoT Catalog,Current Public,guidance,capability,Catalog: Device Security,technical_security-26,,Ability to perform security compliance checks on system components.,Ability to perform security compliance checks on system components.,OTHER,True,data/raw/nist/catalog/technical_security.html
NIST IoT Catalog,Current Public,guidance,capability,Catalog: Device Security,technical_security-27,,Ability to detect unauthorized hardware and software components.,Ability to detect unauthorized hardware and software components.,OTHER,True,data/raw/nist/catalog/technical_security.html
NIST IoT Catalog,Current Public,guidance,capability,Catalog: Device Security,technical_security-28,,"Ability to take organizationally-defined actions when unauthorized hardware and software components are detected (e.g., disallow a flash drive to be connected even if a USB port is present).","Ability to take organizationally-defined actions when unauthorized hardware and software components are detected (e.g., disallow a flash drive to be connected even if a USB port is present).",OTHER,True,data/raw/nist/catalog/technical_security.html
NIST IoT Catalog,Current Public,guidance,capability,Catalog: Device Security,technical_security-29,,"Ability to store the operating environment (e.g., firmware image, software, applications) in read-only media (e.g., Read Only Memory).","Ability to store the operating environment (e.g., firmware image, software, applications) in read-only media (e.g., Read Only Memory).",OTHER,True,data/raw/nist/catalog/technical_security.html
NIST IoT Catalog,Current Public,guidance,capability,Catalog: Device Security,technical_security-30,,Ability to keep an accurate internal system time.,Ability to keep an accurate internal system time.,OTHER,True,data/raw/nist/catalog/technical_security.html
NIST IoT Catalog,Current Public,guidance,capability,Catalog: Device Security,technical_security-31,,Ability to define various operational states.,Ability to define various operational states.,OTHER,True,data/raw/nist/catalog/technical_security.html
NIST IoT Catalog,Current Public,guidance,capability,Catalog: Device Security,technical_security-32,,"Ability to support various modes of IoT device operation with more restrictive operational states.
    
“travel mode” for transit.
“safe mode” for operation when some or all network security is unavailable.
Others as determined necessary based on the purpose and goals for the IoT device.

",Ability to support various modes of IoT device operation with more restrictive operational states. “travel mode” for transit. “safe mode” for operation when some or all network security is unavailable. Others as determined necessary based on the purpose and goals for the IoT device.,OTHER,True,data/raw/nist/catalog/technical_security.html
NIST IoT Catalog,Current Public,guidance,capability,Catalog: Device Security,technical_security-33,,Ability to define differing failure types.,Ability to define differing failure types.,OTHER,True,data/raw/nist/catalog/technical_security.html
NIST IoT Catalog,Current Public,guidance,capability,Catalog: Device Security,technical_security-34,,Ability to fail in a secure state.,Ability to fail in a secure state.,OTHER,True,data/raw/nist/catalog/technical_security.html
NIST IoT Catalog,Current Public,guidance,capability,Catalog: Device Security,technical_security-35,,Ability to disable operations and/or functionality in the event of security violations.,Ability to disable operations and/or functionality in the event of security violations.,OTHER,True,data/raw/nist/catalog/technical_security.html
NIST IoT Catalog,Current Public,guidance,capability,Catalog: Device Security,technical_security-36,,"Ability to restrict components/features of the IoT device (e.g., ports, functions, protocols, services, etc.) in accordance with organizationally-defined policies.","Ability to restrict components/features of the IoT device (e.g., ports, functions, protocols, services, etc.) in accordance with organizationally-defined policies.",OTHER,True,data/raw/nist/catalog/technical_security.html
NIST IoT Catalog,Current Public,guidance,capability,Catalog: Device Security,technical_security-37,,"Ability to sense the environment and securely (i.e., preserving confidentiality, integrity, and availability of the device and its data) interface with the environment, either directly or through the IoT system. ","Ability to sense the environment and securely (i.e., preserving confidentiality, integrity, and availability of the device and its data) interface with the environment, either directly or through the IoT system.",OTHER,True,data/raw/nist/catalog/technical_security.html
NIST IoT Catalog,Current Public,guidance,capability,Catalog: Cybersecurity State Awareness,technical_state-1,,Ability to access information about the IoT device’s cybersecurity state and other necessary data.,Ability to access information about the IoT device’s cybersecurity state and other necessary data.,OTHER,True,data/raw/nist/catalog/technical_state.html
NIST IoT Catalog,Current Public,guidance,capability,Catalog: Cybersecurity State Awareness,technical_state-2,,Ability to preserve system state information.,Ability to preserve system state information.,OTHER,True,data/raw/nist/catalog/technical_state.html
NIST IoT Catalog,Current Public,guidance,capability,Catalog: Cybersecurity State Awareness,technical_state-3,,"Ability to identify organizationally-defined cybersecurity events (e.g., expected state change) that may occur on or involving the IoT device.","Ability to identify organizationally-defined cybersecurity events (e.g., expected state change) that may occur on or involving the IoT device.",OTHER,True,data/raw/nist/catalog/technical_state.html
NIST IoT Catalog,Current Public,guidance,capability,Catalog: Cybersecurity State Awareness,technical_state-4,,"Ability to monitor for organizationally-defined cybersecurity events (e.g., expected state change) that may occur on or involving the IoT device.","Ability to monitor for organizationally-defined cybersecurity events (e.g., expected state change) that may occur on or involving the IoT device.",OTHER,True,data/raw/nist/catalog/technical_state.html
NIST IoT Catalog,Current Public,guidance,capability,Catalog: Cybersecurity State Awareness,technical_state-5,,Ability to support a list of events that are necessary for auditing purposes (to support the organizational auditing policy).,Ability to support a list of events that are necessary for auditing purposes (to support the organizational auditing policy).,OTHER,True,data/raw/nist/catalog/technical_state.html
NIST IoT Catalog,Current Public,guidance,capability,Catalog: Cybersecurity State Awareness,technical_state-6,,Ability to identify unique users interacting with the device (to allow for user session monitoring).,Ability to identify unique users interacting with the device (to allow for user session monitoring).,OTHER,True,data/raw/nist/catalog/technical_state.html
NIST IoT Catalog,Current Public,guidance,capability,Catalog: Cybersecurity State Awareness,technical_state-7,,Ability to support a monitoring process to check for disclosure of organizational information to unauthorized entities. (The device may be able to perform this check itself or provide the information necessary for an external process to check).,Ability to support a monitoring process to check for disclosure of organizational information to unauthorized entities. (The device may be able to perform this check itself or provide the information necessary for an external process to check).,OTHER,True,data/raw/nist/catalog/technical_state.html
NIST IoT Catalog,Current Public,guidance,capability,Catalog: Cybersecurity State Awareness,technical_state-8,,Ability to monitor communications traffic.,Ability to monitor communications traffic.,OTHER,True,data/raw/nist/catalog/technical_state.html
NIST IoT Catalog,Current Public,guidance,capability,Catalog: Cybersecurity State Awareness,technical_state-9,,Ability to monitor changes to the configuration settings.,Ability to monitor changes to the configuration settings.,OTHER,True,data/raw/nist/catalog/technical_state.html
NIST IoT Catalog,Current Public,guidance,capability,Catalog: Cybersecurity State Awareness,technical_state-10,,Ability to detect remote activation attempts.,Ability to detect remote activation attempts.,OTHER,True,data/raw/nist/catalog/technical_state.html
NIST IoT Catalog,Current Public,guidance,capability,Catalog: Cybersecurity State Awareness,technical_state-11,,"Ability to detect remote activation of a collaborative computing device/component (e.g., microphone, camera).","Ability to detect remote activation of a collaborative computing device/component (e.g., microphone, camera).",OTHER,True,data/raw/nist/catalog/technical_state.html
NIST IoT Catalog,Current Public,guidance,capability,Catalog: Cybersecurity State Awareness,technical_state-12,,Ability to detect remote activation of sensors.,Ability to detect remote activation of sensors.,OTHER,True,data/raw/nist/catalog/technical_state.html
NIST IoT Catalog,Current Public,guidance,capability,Catalog: Cybersecurity State Awareness,technical_state-13,,Ability to define the characteristics of unapproved content.,Ability to define the characteristics of unapproved content.,OTHER,True,data/raw/nist/catalog/technical_state.html
NIST IoT Catalog,Current Public,guidance,capability,Catalog: Cybersecurity State Awareness,technical_state-14,,Ability to scan files for unapproved content.,Ability to scan files for unapproved content.,OTHER,True,data/raw/nist/catalog/technical_state.html
NIST IoT Catalog,Current Public,guidance,capability,Catalog: Cybersecurity State Awareness,technical_state-15,,Ability to generate alerts for specific events.,Ability to generate alerts for specific events.,OTHER,True,data/raw/nist/catalog/technical_state.html
NIST IoT Catalog,Current Public,guidance,capability,Catalog: Cybersecurity State Awareness,technical_state-16,,Ability to respond to alerts according to predefined responses.,Ability to respond to alerts according to predefined responses.,OTHER,True,data/raw/nist/catalog/technical_state.html
NIST IoT Catalog,Current Public,guidance,capability,Catalog: Cybersecurity State Awareness,technical_state-17,,Ability to alert connected information systems of potential issues found during the auditing process.,Ability to alert connected information systems of potential issues found during the auditing process.,OTHER,True,data/raw/nist/catalog/technical_state.html
NIST IoT Catalog,Current Public,guidance,capability,Catalog: Cybersecurity State Awareness,technical_state-18,,Ability to provide information to an external process that will issue auditing process alerts.,Ability to provide information to an external process that will issue auditing process alerts.,OTHER,True,data/raw/nist/catalog/technical_state.html
NIST IoT Catalog,Current Public,guidance,capability,Catalog: Cybersecurity State Awareness,technical_state-19,,Ability to notify users of activation of a collaborative computing device.,Ability to notify users of activation of a collaborative computing device.,OTHER,True,data/raw/nist/catalog/technical_state.html
NIST IoT Catalog,Current Public,guidance,capability,Catalog: Cybersecurity State Awareness,technical_state-20,,Ability to provide a physical indicator of sensor use.,Ability to provide a physical indicator of sensor use.,OTHER,True,data/raw/nist/catalog/technical_state.html
NIST IoT Catalog,Current Public,guidance,capability,Catalog: Cybersecurity State Awareness,technical_state-21,,Ability to respond following an auditing failure (either by the device or an external auditing process).,Ability to respond following an auditing failure (either by the device or an external auditing process).,OTHER,True,data/raw/nist/catalog/technical_state.html
NIST IoT Catalog,Current Public,guidance,capability,Catalog: Cybersecurity State Awareness,technical_state-22,,Ability to prevent download of unapproved content.,Ability to prevent download of unapproved content.,OTHER,True,data/raw/nist/catalog/technical_state.html
NIST IoT Catalog,Current Public,guidance,capability,Catalog: Cybersecurity State Awareness,technical_state-23,,Ability to delete unapproved content.,Ability to delete unapproved content.,OTHER,True,data/raw/nist/catalog/technical_state.html
NIST IoT Catalog,Current Public,guidance,capability,Catalog: Cybersecurity State Awareness,technical_state-24,,"Ability to support alternative security mechanisms when primary mechanisms (e.g., login protocol, encryption, etc.) are compromised.","Ability to support alternative security mechanisms when primary mechanisms (e.g., login protocol, encryption, etc.) are compromised.",OTHER,True,data/raw/nist/catalog/technical_state.html
NIST IoT Catalog,Current Public,guidance,capability,Catalog: Cybersecurity State Awareness,technical_state-25,,Ability to identify and capture organizationally-defined events using a persistent method.,Ability to identify and capture organizationally-defined events using a persistent method.,OTHER,True,data/raw/nist/catalog/technical_state.html
NIST IoT Catalog,Current Public,guidance,capability,Catalog: Cybersecurity State Awareness,technical_state-26,,"Ability to capture information from organizationally-defined cybersecurity events (e.g., cybersecurity state, time) through organizationally-defined means (e.g., logs).","Ability to capture information from organizationally-defined cybersecurity events (e.g., cybersecurity state, time) through organizationally-defined means (e.g., logs).",OTHER,True,data/raw/nist/catalog/technical_state.html
NIST IoT Catalog,Current Public,guidance,capability,Catalog: Cybersecurity State Awareness,technical_state-27,,"Ability to create audit logs within the device for organizationally-defined and auditable events (e.g. account creation, modification, enabling, disabling, removal actions and notifications).","Ability to create audit logs within the device for organizationally-defined and auditable events (e.g. account creation, modification, enabling, disabling, removal actions and notifications).",OTHER,True,data/raw/nist/catalog/technical_state.html
NIST IoT Catalog,Current Public,guidance,capability,Catalog: Cybersecurity State Awareness,technical_state-28,,"Ability to track users interacting with the device, the time they interacted with the device, the time they interacted with the device, the time the user logged out of the device, and to list this information in an audit log.","Ability to track users interacting with the device, the time they interacted with the device, the time they interacted with the device, the time the user logged out of the device, and to list this information in an audit log.",OTHER,True,data/raw/nist/catalog/technical_state.html
NIST IoT Catalog,Current Public,guidance,capability,Catalog: Cybersecurity State Awareness,technical_state-29,,"Ability to log information pertaining to:
    
The type of event that occurred.
The time that the event occurred.
Where the event occurred.
The source of the event.
The outcome of the event.
Identity of users/processes associated with the event.

",Ability to log information pertaining to: The type of event that occurred. The time that the event occurred. Where the event occurred. The source of the event. The outcome of the event. Identity of users/processes associated with the event.,OTHER,True,data/raw/nist/catalog/technical_state.html
NIST IoT Catalog,Current Public,guidance,capability,Catalog: Cybersecurity State Awareness,technical_state-30,,"Ability to support auditing of configuration actions such as:
    
Current configuration state.
History of configuration changes.
When changes in configuration occurred.
Which account made the configuration change.

",Ability to support auditing of configuration actions such as: Current configuration state. History of configuration changes. When changes in configuration occurred. Which account made the configuration change.,OTHER,True,data/raw/nist/catalog/technical_state.html
NIST IoT Catalog,Current Public,guidance,capability,Catalog: Cybersecurity State Awareness,technical_state-31,,Ability to provide information as to why the device captured a particular event or set of events.,Ability to provide information as to why the device captured a particular event or set of events.,OTHER,True,data/raw/nist/catalog/technical_state.html
NIST IoT Catalog,Current Public,guidance,capability,Catalog: Cybersecurity State Awareness,technical_state-32,,Ability to capture organizationally-defined information to support examination of security incidents.,Ability to capture organizationally-defined information to support examination of security incidents.,OTHER,True,data/raw/nist/catalog/technical_state.html
NIST IoT Catalog,Current Public,guidance,capability,Catalog: Cybersecurity State Awareness,technical_state-33,,Ability to record stored data access and usage.,Ability to record stored data access and usage.,OTHER,True,data/raw/nist/catalog/technical_state.html
NIST IoT Catalog,Current Public,guidance,capability,Catalog: Cybersecurity State Awareness,technical_state-34,,Ability to comply with organizational policy for storing persistent audit logs up to a predefined size.,Ability to comply with organizational policy for storing persistent audit logs up to a predefined size.,OTHER,True,data/raw/nist/catalog/technical_state.html
NIST IoT Catalog,Current Public,guidance,capability,Catalog: Cybersecurity State Awareness,technical_state-35,,Ability to comply with organizational policy for audit log retention period.,Ability to comply with organizational policy for audit log retention period.,OTHER,True,data/raw/nist/catalog/technical_state.html
NIST IoT Catalog,Current Public,guidance,capability,Catalog: Cybersecurity State Awareness,technical_state-36,,Ability to delete audit logs in accordance with organizational policy.,Ability to delete audit logs in accordance with organizational policy.,OTHER,True,data/raw/nist/catalog/technical_state.html
NIST IoT Catalog,Current Public,guidance,capability,Catalog: Cybersecurity State Awareness,technical_state-37,,Ability to send alerts that the logs are too big for the device to continue to store (if the predefined amount of time has not yet passed to delete them).,Ability to send alerts that the logs are too big for the device to continue to store (if the predefined amount of time has not yet passed to delete them).,OTHER,True,data/raw/nist/catalog/technical_state.html
NIST IoT Catalog,Current Public,guidance,capability,Catalog: Cybersecurity State Awareness,technical_state-38,,Ability to support organizationally-defined granularity in device timing measurements.,Ability to support organizationally-defined granularity in device timing measurements.,OTHER,True,data/raw/nist/catalog/technical_state.html
NIST IoT Catalog,Current Public,guidance,capability,Catalog: Cybersecurity State Awareness,technical_state-39,,Ability to use synchronization with a verified time source to determine the validity of a timestamp.,Ability to use synchronization with a verified time source to determine the validity of a timestamp.,OTHER,True,data/raw/nist/catalog/technical_state.html
NIST IoT Catalog,Current Public,guidance,capability,Catalog: Cybersecurity State Awareness,technical_state-40,,Ability to record timestamps convertible to UTC or GMT to support a standardized representation of timing.,Ability to record timestamps convertible to UTC or GMT to support a standardized representation of timing.,OTHER,True,data/raw/nist/catalog/technical_state.html
NIST IoT Catalog,Current Public,guidance,capability,Catalog: Cybersecurity State Awareness,technical_state-41,,"Ability to log timing measurements outside a threshold value (e.g., enabling alerts if the device’s system time is not reliable).","Ability to log timing measurements outside a threshold value (e.g., enabling alerts if the device’s system time is not reliable).",OTHER,True,data/raw/nist/catalog/technical_state.html
NIST IoT Catalog,Current Public,guidance,capability,Catalog: Cybersecurity State Awareness,technical_state-42,,Ability to report on its cybersecurity state.,Ability to report on its cybersecurity state.,OTHER,True,data/raw/nist/catalog/technical_state.html
NIST IoT Catalog,Current Public,guidance,capability,Catalog: Cybersecurity State Awareness,technical_state-43,,Ability to support a self-audit generation process.,Ability to support a self-audit generation process.,OTHER,True,data/raw/nist/catalog/technical_state.html
NIST IoT Catalog,Current Public,guidance,capability,Catalog: Cybersecurity State Awareness,technical_state-44,,"Ability to run audit scans (automated or otherwise) to provide specific information (e.g., such as that requested for an external process to audit the device).","Ability to run audit scans (automated or otherwise) to provide specific information (e.g., such as that requested for an external process to audit the device).",OTHER,True,data/raw/nist/catalog/technical_state.html
NIST IoT Catalog,Current Public,guidance,capability,Catalog: Cybersecurity State Awareness,technical_state-45,,"Ability to send requested audit logs to an external audit process or information system (e.g., where its auditing information can be checked to allow for review, analysis, and reporting).","Ability to send requested audit logs to an external audit process or information system (e.g., where its auditing information can be checked to allow for review, analysis, and reporting).",OTHER,True,data/raw/nist/catalog/technical_state.html
NIST IoT Catalog,Current Public,guidance,capability,Catalog: Cybersecurity State Awareness,technical_state-46,,Ability to support an alternate auditing process in the event that the primary auditing process fails.,Ability to support an alternate auditing process in the event that the primary auditing process fails.,OTHER,True,data/raw/nist/catalog/technical_state.html
NIST IoT Catalog,Current Public,guidance,capability,Catalog: Cybersecurity State Awareness,technical_state-47,,"Ability to protect the audit information through the use of:
    
Encryption.
Digitally signing audit files.
Securely sending audit files to another device.
Other protections created by the device manufacturer.

",Ability to protect the audit information through the use of: Encryption. Digitally signing audit files. Securely sending audit files to another device. Other protections created by the device manufacturer.,OTHER,True,data/raw/nist/catalog/technical_state.html
NIST IoT Catalog,Current Public,guidance,capability,Catalog: Software Update,technical_update-1,,Ability to update the software by authorized entities only using a secure and configurable mechanism.,Ability to update the software by authorized entities only using a secure and configurable mechanism.,OTHER,True,data/raw/nist/catalog/technical_update.html
NIST IoT Catalog,Current Public,guidance,capability,Catalog: Software Update,technical_update-2,,Ability to identify the current version of the organizational audit policies and procedures governing the software update.,Ability to identify the current version of the organizational audit policies and procedures governing the software update.,OTHER,True,data/raw/nist/catalog/technical_update.html
NIST IoT Catalog,Current Public,guidance,capability,Catalog: Software Update,technical_update-3,,Ability to restrict software installations to only authorized individuals or processes.,Ability to restrict software installations to only authorized individuals or processes.,OTHER,True,data/raw/nist/catalog/technical_update.html
NIST IoT Catalog,Current Public,guidance,capability,Catalog: Software Update,technical_update-4,,Ability to restrict software changes/uninstallations to only authorized individuals or processes.,Ability to restrict software changes/uninstallations to only authorized individuals or processes.,OTHER,True,data/raw/nist/catalog/technical_update.html
NIST IoT Catalog,Current Public,guidance,capability,Catalog: Software Update,technical_update-5,,"Ability to verify software updates come from valid sources using an effective method (e.g., digital signatures, checksums, certificate validation, etc).","Ability to verify software updates come from valid sources using an effective method (e.g., digital signatures, checksums, certificate validation, etc).",OTHER,True,data/raw/nist/catalog/technical_update.html
NIST IoT Catalog,Current Public,guidance,capability,Catalog: Software Update,technical_update-6,,"Ability to update the device’s software through remote (e.g., network download) and/or local (e.g., removable media) means","Ability to update the device’s software through remote (e.g., network download) and/or local (e.g., removable media) means",OTHER,True,data/raw/nist/catalog/technical_update.html
NIST IoT Catalog,Current Public,guidance,capability,Catalog: Software Update,technical_update-7,,Ability to verify and authenticate any update before installing it,Ability to verify and authenticate any update before installing it,OTHER,True,data/raw/nist/catalog/technical_update.html
NIST IoT Catalog,Current Public,guidance,capability,Catalog: Software Update,technical_update-8,,Ability to enable or disable updating,Ability to enable or disable updating,OTHER,True,data/raw/nist/catalog/technical_update.html
